name,price,socket,form_factor,max_memory,memory_slots,color,wifi,usb_c,image
MSI MAG B850 TOMAHAWK MAX WIFI,209.99,AM5,ATX,256 GB,4,Black / Green,,,https://cdna.pcpartpicker.com/static/forever/images/product/fe0743e587416e7fa161bfd0dca8237f.256p.jpg
Asus B650E MAX GAMING WIFI W,153.99,AM5,ATX,256 GB,4,White,,,https://cdna.pcpartpicker.com/static/forever/images/product/233f7973b2f73df3b3273091792a871d.256p.jpg
Gigabyte B850 AORUS ELITE WIFI7,209.99,AM5,ATX,256 GB,4,Black,,,https://cdna.pcpartpicker.com/static/forever/images/product/d3a0054902d36d38a60d09d83698d7c8.256p.jpg
Gigabyte B850 EAGLE WIFI6E,155.00,AM5,ATX,256 GB,4,Gray / Black,,,https://cdna.pcpartpicker.com/static/forever/images/product/2a9181a93dc5c38ea219e25f07ff1322.256p.jpg
Asus PRIME B550M-A WIFI II,111.99,AM4,Micro ATX,128 GB,4,Blue / Silver,,,https://cdna.pcpartpicker.com/static/forever/images/product/ff4b4e2c7f72b014f39f1864b19e7250.256p.jpg
Asus TUF GAMING B650-PLUS WIFI,143.00,AM5,ATX,128 GB,4,Black,,,https://cdna.pcpartpicker.com/static/forever/images/product/d9e08ab3fe18574bdc4f01dcfecce0ea.256p.jpg
Gigabyte B550M K,89.99,AM4,Micro ATX,128 GB,4,Brown / Silver,,,https://cdna.pcpartpicker.com/static/forever/images/product/f52a9a0b2a28f096b5b1e5bf02707224.256p.jpg
Asus TUF GAMING B850-PLUS WIFI,204.00,AM5,ATX,256 GB,4,Black / Silver,,,https://m.media-amazon.com/images/I/51FhIr30MjL.jpg
Gigabyte A520M K V2,66.00,AM4,Micro ATX,64 GB,2,Brown / Black,,,https://cdna.pcpartpicker.com/static/forever/images/product/ad69b238cf570ec07fb8a00adda58eda.256p.jpg
Gigabyte B550 EAGLE WIFI6,112.99,AM4,ATX,128 GB,4,Black,,,https://cdna.pcpartpicker.com/static/forever/images/product/9435af2197a80fcb37bc356ec9b83413.256p.jpg
Gigabyte X870E AORUS ELITE WIFI7,305.00,AM5,ATX,256 GB,4,Black,,,https://cdna.pcpartpicker.com/static/forever/images/product/1e1c3a84fdb8ea01eec98abd4c40d5d8.256p.jpg
Gigabyte B650 EAGLE AX,168.99,AM5,ATX,192 GB,4,Gray / Black,,,https://m.media-amazon.com/images/I/51BdjazabVL.jpg
ASRock B850M Pro-A WiFi,215.10,AM5,Micro ATX,256 GB,4,Black,,,https://cdna.pcpartpicker.com/static/forever/images/product/e114446516cb565272b30e82624774be.256p.jpg
MSI MAG B650 TOMAHAWK WIFI,171.99,AM5,ATX,256 GB,4,Black,,,https://cdna.pcpartpicker.com/static/forever/images/product/dc9235e0d8052745493eb900bb9df6f6.256p.jpg
MSI B550M PRO-VDH WIFI,130.99,AM4,Micro ATX,128 GB,4,Black,,,https://cdna.pcpartpicker.com/static/forever/images/product/57b4a5399dc626e9c5786f786aeb94ac.256p.jpg
MSI PRO B550M-VC WIFI,99.99,AM4,Micro ATX,128 GB,4,Black,,,https://cdna.pcpartpicker.com/static/forever/images/product/3ba98d49243674bac25ebc39e6cc1fbc.256p.jpg
Asus ROG STRIX B850-A GAMING WIFI,258.19,AM5,ATX,192 GB,4,White,,,https://m.media-amazon.com/images/I/515foeFWRnL.jpg
MSI B650 GAMING PLUS WIFI,224.95,AM5,ATX,192 GB,4,Black,,,https://cdna.pcpartpicker.com/static/forever/images/product/ff33ebb87ed9f5fa5f9c54d6d316ae82.256p.jpg
Gigabyte B760M GAMING PLUS WIFI DDR4,139.99,LGA1700,Micro ATX,128 GB,4,Black / Silver,,,https://cdna.pcpartpicker.com/static/forever/images/product/6dcbd73f46d20ca37c1e80a00f3ef206.256p.jpg
MSI MAG X870 TOMAHAWK WIFI,251.37,AM5,ATX,256 GB,4,Black,,,https://cdna.pcpartpicker.com/static/forever/images/product/ec3fc6477ed914f51a028bc29f0e20aa.256p.jpg
Asus ROG STRIX B550-F GAMING WIFI II,166.99,AM4,ATX,128 GB,4,Black / Red,,,https://cdna.pcpartpicker.com/static/forever/images/product/923cae0c8159c98aaf91541a20f95dc9.256p.jpg
MSI MAG B550 TOMAHAWK MAX WIFI,154.44,AM4,ATX,128 GB,4,Silver / Black,,,https://cdna.pcpartpicker.com/static/forever/images/product/cf20560e7e4a9e474fcb4c88238e4ffd.256p.jpg
ASRock B850I Lightning WiFi,179.99,AM5,Mini ITX,128 GB,2,Black,,,https://m.media-amazon.com/images/I/41emP7K0hIL.jpg
Gigabyte X870 AORUS ELITE WIFI7 ICE,239.99,AM5,ATX,256 GB,4,White,,,https://cdna.pcpartpicker.com/static/forever/images/product/d1f30b497f0fd6289278b33ec776f86b.256p.jpg
MSI PRO B760-P WIFI DDR4,166.99,LGA1700,ATX,128 GB,4,Black,,,https://cdna.pcpartpicker.com/static/forever/images/product/28e8ce6b41464b892862574420f45b63.256p.jpg
Gigabyte B650M GAMING PLUS WIFI,109.99,AM5,Micro ATX,192 GB,4,Silver / Black,,,https://cdna.pcpartpicker.com/static/forever/images/product/dbb71bb11592fff92343d7d68db13544.256p.jpg
Gigabyte B550M GAMING X WIFI6,186.99,AM4,Micro ATX,128 GB,4,Gray / Black,,,https://cdna.pcpartpicker.com/static/forever/images/product/cd5f3bb9add2e4123ade1d5161553326.256p.jpg
Asus ROG CROSSHAIR X870E EXTREME,1572.25,AM5,EATX,256 GB,4,Black / Silver,,,https://cdna.pcpartpicker.com/static/forever/images/product/32edc55907aae5cb63ec877846bb73ac.256p.jpg
Asus TUF GAMING B850-E WIFI,188.16,AM5,ATX,256 GB,4,Black,,,https://m.media-amazon.com/images/I/51-fMrMoQDL.jpg
Asus TUF GAMING B550-PLUS WIFI II,142.99,AM4,ATX,128 GB,4,Black / Gray,,,https://cdna.pcpartpicker.com/static/forever/images/product/6b136eab8dcdd8f78e02da5a09b96795.256p.jpg
MSI PRO Z790-A MAX WIFI,,LGA1700,ATX,256 GB,4,Silver / Black,,,https://cdna.pcpartpicker.com/static/forever/images/product/55e781311c4d62e83df9ac297a64c01a.256p.jpg
Gigabyte A520I AC,105.99,AM4,Mini ITX,64 GB,2,Black,,,https://cdna.pcpartpicker.com/static/forever/images/product/87329029966463ec6eac31fad52fae85.256p.jpg
Asus ROG STRIX B850-I GAMING WIFI,301.99,AM5,Mini ITX,128 GB,2,Black,,,https://cdna.pcpartpicker.com/static/forever/images/product/573b392b2d5a728c3a15f84dce93449b.256p.jpg
ASRock B650M Pro RS,114.99,AM5,Micro ATX,256 GB,4,Black / Silver,,,https://cdna.pcpartpicker.com/static/forever/images/product/4dc751a89c74d335cae25cbc50b4c67e.256p.jpg
Asus ROG STRIX X870E-E GAMING WIFI,496.99,AM5,ATX,256 GB,4,Black,,,https://cdna.pcpartpicker.com/static/forever/images/product/e6ec6fd92a901825fcbcc79fea85c79f.256p.jpg
Gigabyte B650 GAMING X AX V2,190.00,AM5,ATX,192 GB,4,Gray / Black,,,https://m.media-amazon.com/images/I/51FV8n5IuGL.jpg
Gigabyte Z790 EAGLE AX,184.99,LGA1700,ATX,256 GB,4,Gray / Black,,,https://cdna.pcpartpicker.com/static/forever/images/product/3d487ee6ea150ca534c123f409cbae68.256p.jpg
Gigabyte X870 EAGLE WIFI7,200.99,AM5,ATX,256 GB,4,Black,,,https://cdna.pcpartpicker.com/static/forever/images/product/a06aef05389e93f5e4de5dc26d807abe.256p.jpg
Gigabyte B850M GAMING X WIFI6E,171.00,AM5,Micro ATX,256 GB,4,Black,,,https://m.media-amazon.com/images/I/51Nm-+9BkbL.jpg
ASRock B650M Pro RS WiFi,129.94,AM5,Micro ATX,256 GB,4,Black / Silver,,,https://cdna.pcpartpicker.com/static/forever/images/product/d7893755609db1feb833c99ad9d243bf.256p.jpg
Asus B760M-AYW WIFI D4 II,122.99,LGA1700,Micro ATX,64 GB,2,Black / Silver,,,https://cdna.pcpartpicker.com/static/forever/images/product/1e20fcdfc3ac73aae41d19e73b2d505c.256p.jpg
MSI PRO B850-S WIFI6E,153.99,AM5,ATX,256 GB,4,Black,,,https://cdna.pcpartpicker.com/static/forever/images/product/bf040b7e95e6a515f5c1fabd2a011a08.256p.jpg
Asus ROG STRIX B850-F GAMING WIFI,341.30,AM5,ATX,192 GB,4,Black,,,https://cdna.pcpartpicker.com/static/forever/images/product/da67975baa3e2a69497334af8eee81ce.256p.jpg
ASRock B450M/ac R2.0,94.00,AM4,Micro ATX,128 GB,4,Black / Silver,,,https://cdna.pcpartpicker.com/static/forever/images/product/3097c6aa9533b84ddbaa1ce0be506081.256p.jpg
Gigabyte B550M AORUS ELITE AX,116.99,AM4,Micro ATX,128 GB,4,Black / Silver,,,https://cdna.pcpartpicker.com/static/forever/images/product/bf6939e818d9dd155a2acf5199ef6720.256p.jpg
ASRock B450M-HDV R4.0,78.98,AM4,Micro ATX,64 GB,2,Black / White,,,https://cdna.pcpartpicker.com/static/forever/images/product/2b2897ac0de148a2935c3277573131b3.256p.jpg
Asus TUF GAMING B650E-E WIFI,230.99,AM5,ATX,256 GB,4,Black,,,https://cdna.pcpartpicker.com/static/forever/images/product/6e091a3954e7ac61e63a226aced54d9b.256p.jpg
Asus ROG STRIX B650E-I GAMING WIFI,346.99,AM5,Mini ITX,96 GB,2,Black,,,https://cdna.pcpartpicker.com/static/forever/images/product/bf950d502a28575d015348684bf78a37.256p.jpg
Gigabyte B550 GAMING X V2,112.99,AM4,ATX,128 GB,4,Black,,,https://cdna.pcpartpicker.com/static/forever/images/product/09d3314474cf5fefa2bd5c5941bb33b5.256p.jpg
MSI MAG X870E TOMAHAWK WIFI,257.39,AM5,ATX,256 GB,4,Black / Green,,,https://cdna.pcpartpicker.com/static/forever/images/product/d45365fc05268cf82bf9720808262049.256p.jpg
Gigabyte B850 AORUS ELITE WIFI7 ICE,278.99,AM5,ATX,256 GB,4,White / Silver,,,https://cdna.pcpartpicker.com/static/forever/images/product/b0c60fa6ec041477ad48e09d4203a0da.256p.jpg
MSI MPG B550 GAMING PLUS,119.99,AM4,ATX,128 GB,4,Black,,,https://cdna.pcpartpicker.com/static/forever/images/product/607f7ca77131a0bf7dc6b75617795203.256p.jpg
ASRock B850M-X R2.0,110.98,AM5,Micro ATX,128 GB,2,Black / White,,,https://cdna.pcpartpicker.com/static/forever/images/product/7d10673e332d20614128a532027ca071.256p.jpg
MSI B850 GAMING PLUS WIFI6E,166.99,AM5,ATX,256 GB,4,Silver,,,https://cdna.pcpartpicker.com/static/forever/images/product/34e776866180181de790f98268092efd.256p.jpg
Asus TUF GAMING B850M-PLUS WIFI,266.00,AM5,Micro ATX,256 GB,4,Black,,,https://cdna.pcpartpicker.com/static/forever/images/product/1d8ae56612d85a6804f4da9a9bc4c5e4.256p.jpg
Asus PRIME B840-PLUS WIFI,101.99,AM5,ATX,192 GB,4,Silver / Black,,,https://m.media-amazon.com/images/I/51JlzVwM49L.jpg
ASRock B550M Pro4,97.99,AM4,Micro ATX,128 GB,4,Silver / Black,,,https://cdna.pcpartpicker.com/static/forever/images/product/472d12f3f649d3c11155e02f9fd70e22.256p.jpg
Gigabyte A620I AX,108.00,AM5,Mini ITX,96 GB,2,Black / Gray,,,https://cdna.pcpartpicker.com/static/forever/images/product/69a825f37db70263d7e51fb24fb8e887.256p.jpg
Asus B650E MAX GAMING WIFI,212.99,AM5,ATX,192 GB,4,Black / Silver,,,https://cdna.pcpartpicker.com/static/forever/images/product/be86ce9c2456f1c3f19fd90476084431.256p.jpg
Asus ROG STRIX B860-I GAMING WIFI,237.99,LGA1851,Mini ITX,128 GB,2,Black / Silver,,,https://cdna.pcpartpicker.com/static/forever/images/product/680d520ef892efb6864b638be584cc9a.256p.jpg
Gigabyte B850M EAGLE WIFI6E ICE,147.05,AM5,Micro ATX,256 GB,4,White,,,https://cdna.pcpartpicker.com/static/forever/images/product/bd78975c5fc0c5510c5293181fe77831.256p.jpg
Gigabyte B850 EAGLE WIFI7 ICE,213.99,AM5,ATX,256 GB,4,White,,,https://cdna.pcpartpicker.com/static/forever/images/product/388f3e3de66324acbe4ade80d674298b.256p.jpg
Asus ProArt X870E-CREATOR WIFI,564.00,AM5,ATX,256 GB,4,Black / Gold,,,https://cdna.pcpartpicker.com/static/forever/images/product/90a7314681e18b425d4240b917dd7d3e.256p.jpg
MSI Z890 GAMING PLUS WIFI,209.00,LGA1851,ATX,256 GB,4,Black,,,https://cdna.pcpartpicker.com/static/forever/images/product/09616b3a79d984fcecbcc06409660931.256p.jpg
Asus ROG STRIX X870-A GAMING WIFI,307.98,AM5,ATX,256 GB,4,White,,,https://cdna.pcpartpicker.com/static/forever/images/product/8759f89d039f01404d65dcb994629292.256p.jpg
MSI A520M-A PRO,70.98,AM4,Micro ATX,64 GB,2,Black,,,https://m.media-amazon.com/images/I/61rBzM2fjzL.jpg
MSI PRO X870E-P WIFI,247.00,AM5,ATX,256 GB,4,Black / Silver,,,https://cdna.pcpartpicker.com/static/forever/images/product/818755e4ae3a17cd1e3dc208ed4017fe.256p.jpg
Asus ROG STRIX X870-I GAMING WIFI,482.99,AM5,Mini ITX,128 GB,2,Black,,,https://cdna.pcpartpicker.com/static/forever/images/product/4e5ec27085e7971c37ce5794396f9639.256p.jpg
MSI B550-A PRO,121.99,AM4,ATX,128 GB,4,Black / Silver,,,https://m.media-amazon.com/images/I/51YHWAAsu5L.jpg
Gigabyte B650I AORUS ULTRA,211.99,AM5,Mini ITX,96 GB,2,Black / Silver,,,https://cdna.pcpartpicker.com/static/forever/images/product/d24b8a128d98467e0dd3bc57882ddd55.256p.jpg
Gigabyte B850 GAMING X WIFI6E,254.99,AM5,ATX,256 GB,4,Gray / Black,,,https://cdna.pcpartpicker.com/static/forever/images/product/62258989025bb9dd8fb1abaa606d1444.256p.jpg
Gigabyte B650 AORUS ELITE AX,146.69,AM5,ATX,192 GB,4,Black / Silver,,,https://cdna.pcpartpicker.com/static/forever/images/product/322a6059c413dd736536e5ad5c3a2285.256p.jpg
ASRock B650I Lightning Wifi,169.99,AM5,Mini ITX,96 GB,2,Black,,,https://cdna.pcpartpicker.com/static/forever/images/product/40e47e0c22c38ba2269880dd81c305f3.256p.jpg
Gigabyte B550I AORUS PRO AX,222.99,AM4,Mini ITX,64 GB,2,Black / Silver,,,https://cdna.pcpartpicker.com/static/forever/images/product/46324a9aac9a2c2e7b705b32a4632fba.256p.jpg
MSI B550M PRO-VDH,77.99,AM4,Micro ATX,128 GB,4,Black,,,https://cdna.pcpartpicker.com/static/forever/images/product/cd4ef210d3d8dfca5503e8b301064744.256p.jpg
MSI PRO H610M-G DDR4,114.00,LGA1700,Micro ATX,64 GB,2,Black / Silver,,,https://cdna.pcpartpicker.com/static/forever/images/product/8a6d9e0f04302ca47ff65d23bda24e49.256p.jpg
Asus ROG CROSSHAIR X870E HERO BTF,915.99,AM5,ATX,256 GB,4,Black,,,https://cdna.pcpartpicker.com/static/forever/images/product/7ef93e079182741ba6097774e6184d29.256p.jpg
Asus ROG STRIX B650-A GAMING WIFI,147.99,AM5,ATX,192 GB,4,Black / Silver,,,https://cdna.pcpartpicker.com/static/forever/images/product/127cc163cf3e552499471f1908f99cfe.256p.jpg
Asus TUF GAMING X870-PLUS WIFI,220.99,AM5,ATX,192 GB,4,Black,,,https://cdna.pcpartpicker.com/static/forever/images/product/0817e1eae7204d437ef0084b49c0c855.256p.jpg
MSI PRO B650M-A WIFI,184.94,AM5,Micro ATX,192 GB,4,Black,,,https://cdna.pcpartpicker.com/static/forever/images/product/a7ffc5ab34c099836bb0ff9f9dfcab6d.256p.jpg
MSI MPG X870E CARBON WIFI,357.18,AM5,ATX,256 GB,4,Black,,,https://cdna.pcpartpicker.com/static/forever/images/product/fac31c8cea999908580b1081eed58c0e.256p.jpg
ASRock B650 Steel Legend WiFi,159.99,AM5,ATX,256 GB,4,White / Silver,,,https://cdna.pcpartpicker.com/static/forever/images/product/f154f20635f7e56b180c01266156053f.256p.jpg
Gigabyte B650M GAMING WIFI6E,174.64,AM5,Micro ATX,128 GB,2,Silver / Black,,,https://cdna.pcpartpicker.com/static/forever/images/product/7486bd0a06a2794a9f33b9104c25ca57.256p.jpg
Gigabyte Z890 AORUS ELITE WIFI7,247.99,LGA1851,ATX,256 GB,4,Black,,,https://cdna.pcpartpicker.com/static/forever/images/product/c1cf44c1af8dfec51dc186c626c4325b.256p.jpg
Gigabyte X870 GAMING WIFI6,169.00,AM5,ATX,256 GB,4,Black / Gray,,,https://cdna.pcpartpicker.com/static/forever/images/product/2a78caa1159b44ac04ac0b6245d7a20b.256p.jpg
MSI PRO B650-S WIFI,146.00,AM5,ATX,192 GB,4,Black,,,https://cdna.pcpartpicker.com/static/forever/images/product/a3020fc8322a2821927ed01af1155620.256p.jpg
ASRock B550M-ITX/ac,118.99,AM4,Mini ITX,64 GB,2,Silver / Black,,,https://cdna.pcpartpicker.com/static/forever/images/product/66aa5dd590cf1bb5fe8de0417f9ed7e6.256p.jpg
ASRock B550 Phantom Gaming 4/ac,101.98,AM4,ATX,128 GB,4,Silver / Black,,,https://cdna.pcpartpicker.com/static/forever/images/product/987495c240f254ae7314bdd8ae3c426c.256p.jpg
ASRock B860 Lightning WiFi,172.99,LGA1851,ATX,256 GB,4,Black,,,https://cdna.pcpartpicker.com/static/forever/images/product/1ebd6134830c29b410b9f6c0f7d15957.256p.jpg
ASRock Phantom Gaming X870E Nova WiFi,288.99,AM5,ATX,256 GB,4,Black / Purple,,,https://cdna.pcpartpicker.com/static/forever/images/product/eaa95c0e62803b458f2f0d163dfffa91.256p.jpg
MSI PRO B760M-P DDR4,113.99,LGA1700,Micro ATX,128 GB,4,Black,,,https://cdna.pcpartpicker.com/static/forever/images/product/bc24eb1e51b0165c40c5fa45e30055ce.256p.jpg
MSI B760 GAMING PLUS WIFI,159.99,LGA1700,ATX,192 GB,4,Black / Silver,,,https://cdna.pcpartpicker.com/static/forever/images/product/f22d681ccfd01238e756443a474f400b.256p.jpg
Asus ROG STRIX Z890-E GAMING WIFI,400.52,LGA1851,ATX,256 GB,4,Black,,,https://cdna.pcpartpicker.com/static/forever/images/product/e454bdc289a21a76440be26aaacc1c38.256p.jpg
Asus ROG CROSSHAIR X870E HERO,675.00,AM5,ATX,256 GB,4,Black,,,https://cdna.pcpartpicker.com/static/forever/images/product/308921dd82c7029537edd075cf518569.256p.jpg
ASRock B760M PG Riptide Wifi,121.99,LGA1700,Micro ATX,192 GB,4,Black,,,https://m.media-amazon.com/images/I/41OqAPsU4iL.jpg
Gigabyte B550M DS3H AC R2,129.99,AM4,Micro ATX,128 GB,4,Black,,,https://cdna.pcpartpicker.com/static/forever/images/product/61e134589d40c606cd6ac71cd3603434.256p.jpg
MSI MAG Z890 TOMAHAWK WIFI,250.99,LGA1851,ATX,256 GB,4,Black / Yellow,,,https://cdna.pcpartpicker.com/static/forever/images/product/c4627c92bb33a5c35c247e2b415d25ed.256p.jpg
Asus ROG STRIX B650E-F GAMING WIFI,179.99,AM5,ATX,192 GB,4,Black,,,https://cdna.pcpartpicker.com/static/forever/images/product/b950287e2f141caa4638fc93dc99a6ba.256p.jpg
MSI PRO B850M-P WIFI,179.00,AM5,Micro ATX,256 GB,4,Black / Silver,,,https://cdna.pcpartpicker.com/static/forever/images/product/e5ef70a31eda568d633f331a887b2aae.256p.jpg
Gigabyte X870E AORUS PRO ICE,299.99,AM5,ATX,256 GB,4,White,,,https://cdna.pcpartpicker.com/static/forever/images/product/e10a4432559e6016902b572d4e062e7c.256p.jpg
MSI MAG B850M MORTAR WIFI,248.99,AM5,Micro ATX,256 GB,4,Black / Green,,,https://cdna.pcpartpicker.com/static/forever/images/product/5299771c95c4e8b3d5f41cd252b1cd0b.256p.jpg
Gigabyte X870 AORUS ELITE WIFI7,224.49,AM5,ATX,256 GB,4,Black,,,https://cdna.pcpartpicker.com/static/forever/images/product/a6142ac6b6282d5d01bf025a8e7418a0.256p.jpg
Gigabyte X870I AORUS PRO ICE,321.99,AM5,Mini ITX,128 GB,2,White,,,https://cdna.pcpartpicker.com/static/forever/images/product/08f4be6287189613c69c5b5dfd6cd88b.256p.jpg
Asus TUF GAMING B550M-PLUS WIFI II,223.20,AM4,Micro ATX,128 GB,4,Black / Gray,,,https://m.media-amazon.com/images/I/51q6ackGrcL.jpg
Asus TUF GAMING Z790-PLUS WIFI,269.99,LGA1700,ATX,192 GB,4,Black / Gray,,,https://cdna.pcpartpicker.com/static/forever/images/product/aeb8a7dad48da098b42945e9439076fe.256p.jpg
Asus TUF GAMING B650-E WIFI,264.82,AM5,ATX,192 GB,4,Black / Orange,,,https://cdna.pcpartpicker.com/static/forever/images/product/287ac861ab77945d4c6d046865f62b5e.256p.jpg
MSI B850 GAMING PLUS WIFI,159.99,AM5,ATX,256 GB,4,Silver / Black,,,https://cdna.pcpartpicker.com/static/forever/images/product/2bbb6b8dc2a1b1dbd36d70f7733677f3.256p.jpg
Asus PRIME B650-PLUS WIFI,175.77,AM5,ATX,192 GB,4,Black / Silver,,,https://cdna.pcpartpicker.com/static/forever/images/product/3ed831f2c6b1c74abe73d5c4d40bd306.256p.jpg
Asus ROG STRIX X870E-H GAMING WIFI7,399.99,AM5,ATX,256 GB,4,Black,,,https://cdna.pcpartpicker.com/static/forever/images/product/7ed8f842403b1b5afa15e3d8055f7c19.256p.jpg
Asus Z790 GAMING WIFI7,,LGA1700,ATX,192 GB,4,Silver / Black,,,https://cdna.pcpartpicker.com/static/forever/images/product/c4369596c853d9da016e5878929ce45d.256p.jpg
Gigabyte B850 GAMING WIFI6,177.00,AM5,ATX,256 GB,4,Black / Gray,,,https://cdna.pcpartpicker.com/static/forever/images/product/3138eb73b8a80dfd7e279a4c1d7ab934.256p.jpg
ASRock A620AI WiFi,131.99,AM5,Mini ITX,128 GB,2,Black,,,https://cdna.pcpartpicker.com/static/forever/images/product/c3add07e7b316b6ba9612df7157dbc1e.256p.jpg
MSI B650M GAMING PLUS WIFI,,AM5,Micro ATX,192 GB,4,Silver / Black,,,https://cdna.pcpartpicker.com/static/forever/images/product/69431e8d4900acff3cc388ff5f5f3ea7.256p.jpg
MSI X870E GAMING PLUS WIFI,225.00,AM5,ATX,256 GB,4,Black,,,https://m.media-amazon.com/images/I/51nBS0VQL4L.jpg
ASRock B850M-X WiFi R2.0,116.99,AM5,Micro ATX,128 GB,2,Black / White,,,https://cdna.pcpartpicker.com/static/forever/images/product/cf3d0f0524d2e319b2e8eb117d9b63ca.256p.jpg
ASRock B650M-H/M.2+,90.99,AM5,Micro ATX,96 GB,2,Silver / Black,,,https://cdna.pcpartpicker.com/static/forever/images/product/07c31fe938c6e8531c051bc527759992.256p.jpg
Gigabyte B850M AORUS ELITE WIFI6E ICE,169.99,AM5,Micro ATX,256 GB,4,White / Silver,,,https://cdna.pcpartpicker.com/static/forever/images/product/0b600a0ada98f511e01e72c821404686.256p.jpg
ASRock X870E Taichi,329.99,AM5,EATX,256 GB,4,Black,,,https://cdna.pcpartpicker.com/static/forever/images/product/23ef2a9c06fcdba69a77129c3df09ee6.256p.jpg
Asus TUF GAMING A520M-PLUS WIFI,99.99,AM4,Micro ATX,128 GB,4,Black / Orange,,,https://cdna.pcpartpicker.com/static/forever/images/product/e17b78b80ad50c2c96668bb12c1f190e.256p.jpg
ASRock B650M-HDV/M.2,131.99,AM5,Micro ATX,96 GB,2,Silver / Black,,,https://cdna.pcpartpicker.com/static/forever/images/product/e4a16a219fbf878e01a4beae50bbc0ef.256p.jpg
Asus Z890 AYW GAMING WIFI W,189.00,LGA1851,ATX,256 GB,4,White,,,https://cdna.pcpartpicker.com/static/forever/images/product/a7627ce734924502f021fb3435ae7f51.256p.jpg
Gigabyte B550M DS3H R2,134.53,AM4,Micro ATX,128 GB,4,Black,,,https://cdna.pcpartpicker.com/static/forever/images/product/e501e4c130b02dc46f34e25335339e50.256p.jpg
MSI B450 TOMAHAWK MAX,,AM4,ATX,128 GB,4,Black,,,https://cdna.pcpartpicker.com/static/forever/images/product/0a8a0ca77620c63b68fec6323537d50a.256p.jpg
ASRock B550M-HDV,86.98,AM4,Micro ATX,64 GB,2,Black,,,https://cdna.pcpartpicker.com/static/forever/images/product/f50779cfddeda830b0af852915702a00.256p.jpg
MSI B760 GAMING PLUS WIFI DDR4,247.37,LGA1700,ATX,128 GB,4,Black / Silver,,,https://cdna.pcpartpicker.com/static/forever/images/product/1185025125d45ddfcc03516e4b54b199.256p.jpg
Gigabyte Z790 AORUS ELITE AX,220.99,LGA1700,ATX,256 GB,4,Black,,,https://cdna.pcpartpicker.com/static/forever/images/product/ba20600286bf8f74ce71df37ed8aef65.256p.jpg
Gigabyte X870E AORUS MASTER X3D ICE,675.99,AM5,ATX,256 GB,4,White,,,https://cdna.pcpartpicker.com/static/forever/images/product/ed1f6782e1b86645c63ded6d9341826a.256p.jpg
Asus TUF GAMING B650E-PLUS WIFI,222.99,AM5,ATX,256 GB,4,Black / Silver,,,https://cdna.pcpartpicker.com/static/forever/images/product/54e3f2f7c2cbb05cfc37c8f430d547ea.256p.jpg
MSI PRO B650-P WIFI,148.99,AM5,ATX,192 GB,4,Black,,,https://cdna.pcpartpicker.com/static/forever/images/product/b381dd1cf368e92388a8bfc64866fcc5.256p.jpg
Asus TUF GAMING B860M-PLUS WIFI,224.99,LGA1851,Micro ATX,256 GB,4,Black / Silver,,,https://cdna.pcpartpicker.com/static/forever/images/product/2656853c7563ea7353bcb7ebbb3ef261.256p.jpg
Gigabyte B650 AORUS ELITE AX ICE,246.99,AM5,ATX,192 GB,4,Silver,,,https://cdna.pcpartpicker.com/static/forever/images/product/7352b7865a2e77e70371d5c81a01f5a7.256p.jpg
MSI B450M-A PRO MAX II,,AM4,Micro ATX,64 GB,2,Black,,,https://cdna.pcpartpicker.com/static/forever/images/product/a1a4552c218bc30c1738a3642c5691dd.256p.jpg
ASRock H610M-ITX/eDP,89.99,LGA1700,Mini ITX,64 GB,2,Silver / Black,,,https://cdna.pcpartpicker.com/static/forever/images/product/7a31f350898b15d320c00478dc2488cf.256p.jpg
Asus ROG STRIX B850-G GAMING WIFI,294.99,AM5,Micro ATX,256 GB,4,White,,,https://cdna.pcpartpicker.com/static/forever/images/product/ad06e905477b8cff21bf5a105c68768a.256p.jpg
ASRock B850M Pro RS WiFi,143.99,AM5,Micro ATX,256 GB,4,Silver / Black,,,https://m.media-amazon.com/images/I/41Eyw5EG+4L.jpg
Asus TUF GAMING X570-PLUS (WI-FI),386.00,AM4,ATX,128 GB,4,Black / Gold,,,https://cdna.pcpartpicker.com/static/forever/images/product/8d7d0435e8a2af93b5d91a1a5dccd476.256p.jpg
MSI MAG B550 TOMAHAWK,,AM4,ATX,128 GB,4,Black / Silver,,,https://cdna.pcpartpicker.com/static/forever/images/product/b4c7550465b4b8115e71249aaf216a65.256p.jpg
Gigabyte B650 AORUS ELITE AX V2,,AM5,ATX,192 GB,4,Black / Silver,,,https://cdna.pcpartpicker.com/static/forever/images/product/2bb6d5c9fa86895c102e1ee17fbebdf3.256p.jpg
Asus TUF GAMING Z890-PLUS WIFI,267.00,LGA1851,ATX,256 GB,4,Black,,,https://cdna.pcpartpicker.com/static/forever/images/product/cb9e06cb50bcc3690faba12e20b5efea.256p.jpg
MSI MPG B850I EDGE TI WIFI,263.99,AM5,Mini ITX,128 GB,2,Silver,,,https://cdna.pcpartpicker.com/static/forever/images/product/9215de4401fbfce1a54ecc659fc6f3b5.256p.jpg
Gigabyte X870 AORUS STEALTH,372.99,AM5,ATX,256 GB,4,Black,,,https://cdna.pcpartpicker.com/static/forever/images/product/965c13a83c76991c0b3ccb4921e559a8.256p.jpg
MSI B760M GAMING PLUS WIFI,240.23,LGA1700,Micro ATX,192 GB,4,Black / Silver,,,https://cdna.pcpartpicker.com/static/forever/images/product/96638c2881bd646987778b312655d859.256p.jpg
Gigabyte B550 AORUS ELITE AX V2,156.99,AM4,ATX,128 GB,4,Black / Silver,,,https://m.media-amazon.com/images/I/51Hz3u7PR0L.jpg
Asus PRIME B550M-K ARGB,,AM4,Micro ATX,64 GB,2,Black,,,https://cdna.pcpartpicker.com/static/forever/images/product/78308ecae147c55634084fc2030f9fb8.256p.jpg
Gigabyte A620M S2H,103.98,AM5,Micro ATX,96 GB,2,Gray / Black,,,https://cdna.pcpartpicker.com/static/forever/images/product/03c26875e0aea2b2da3cc1f1804cf65f.256p.jpg
Asus ROG STRIX B550-A GAMING,262.53,AM4,ATX,128 GB,4,Black / White,,,https://cdna.pcpartpicker.com/static/forever/images/product/5ac88d84f61dd91c0621ac30c4dc5480.256p.jpg
MSI MAG Z790 TOMAHAWK WIFI,199.99,LGA1700,ATX,256 GB,4,Black,,,https://cdna.pcpartpicker.com/static/forever/images/product/4776555bd90ed817bdfa00fc78ae3043.256p.jpg
Gigabyte B650M AORUS ELITE AX,170.99,AM5,Micro ATX,192 GB,4,Black,,,https://cdna.pcpartpicker.com/static/forever/images/product/959c60578b19c2067f96036a19691ac0.256p.jpg
Asus PRIME B550-PLUS AC-HES,117.99,AM4,ATX,128 GB,4,Silver / Black,,,https://cdna.pcpartpicker.com/static/forever/images/product/d1cc901f52eef99cab0cc4d4255401ea.256p.jpg
MSI MEG X870E GODLIKE,12750.53,AM5,EATX,256 GB,4,Black,,,https://cdna.pcpartpicker.com/static/forever/images/product/ad4f70457b02886f1e6f9c9ae20a72f1.256p.jpg
MSI PRO B650M-P,165.00,AM5,Micro ATX,192 GB,4,Black / Silver,,,https://cdna.pcpartpicker.com/static/forever/images/product/f03f1d667284f39b3eaf208a50cdbb68.256p.jpg
Asus X870 MAX GAMING WIFI7,226.23,AM5,ATX,256 GB,4,Black,,,https://m.media-amazon.com/images/I/41nUPVYO5OL.jpg
ASRock A520M-HDV,89.98,AM4,Micro ATX,64 GB,2,Black / Silver,,,https://cdna.pcpartpicker.com/static/forever/images/product/44867ec7814048eb5afc863cc9bc1de3.256p.jpg
MSI Z790 GAMING PLUS WIFI,184.99,LGA1700,ATX,256 GB,4,Black,,,https://cdna.pcpartpicker.com/static/forever/images/product/8ebf82190e0ae9871ce4a1a4c824e204.256p.jpg
MSI PRO A620AM-B EVO,110.99,AM5,Micro ATX,128 GB,2,Black,,,https://cdna.pcpartpicker.com/static/forever/images/product/7e04f58a580ef3ffa97f96754132c14d.256p.jpg
Asus TUF GAMING X870E-PLUS WIFI7,310.00,AM5,ATX,256 GB,4,Black / Silver,,,https://cdna.pcpartpicker.com/static/forever/images/product/a50762ffa9e13f8e51e5e914137c47a1.256p.jpg
ASRock H610M-HDV/M.2+ D5,69.98,LGA1700,Micro ATX,96 GB,2,White / Black,,,https://cdna.pcpartpicker.com/static/forever/images/product/c13414ccd20045deb0d2ff0e53e51c48.256p.jpg
MSI MAG B760 TOMAHAWK WIFI,139.99,LGA1700,ATX,192 GB,4,Black,,,https://cdna.pcpartpicker.com/static/forever/images/product/a4708cb253c33dacabd68b704a383137.256p.jpg
MSI PRO Z790-P WIFI,210.99,LGA1700,ATX,256 GB,4,Black / Silver,,,https://cdna.pcpartpicker.com/static/forever/images/product/157047663b648bb72039e6208a029ef3.256p.jpg
Asus ROG STRIX B450-F GAMING II,,AM4,ATX,128 GB,4,Black,,,https://cdna.pcpartpicker.com/static/forever/images/product/0f27bb84f57d51a9cb2b0c91d25efb0f.256p.jpg
Asus PRIME B850-PLUS WIFI,209.99,AM5,ATX,256 GB,4,Black / Silver,,,https://cdna.pcpartpicker.com/static/forever/images/product/5c6d1daac79543ebc852c86ef267d527.256p.jpg
ASRock B650M-HDV/M.2 White,109.99,AM5,Micro ATX,128 GB,2,White,,,https://cdna.pcpartpicker.com/static/forever/images/product/d28123654f51c07102f4b17dc4a08e54.256p.jpg
Gigabyte Z890 AORUS XTREME AI TOP,25572.68,LGA1851,EATX,256 GB,4,Black,,,https://cdna.pcpartpicker.com/static/forever/images/product/ddb6ec4f2000dc88c1cfacee76009b57.256p.jpg
Asus PRIME X870-P WIFI,192.38,AM5,ATX,192 GB,4,Black / Silver,,,https://cdna.pcpartpicker.com/static/forever/images/product/b8d7644383eb0f52cf18ebde7e83176b.256p.jpg
ASRock B860I WiFi,184.99,LGA1851,Mini ITX,128 GB,2,Black,,,https://m.media-amazon.com/images/I/5182aV4zQIL.jpg
MSI B840 GAMING PLUS WIFI,176.99,AM5,ATX,256 GB,4,Silver / Black,,,https://cdna.pcpartpicker.com/static/forever/images/product/6a5219cf327ef9665462e69429306ec4.256p.jpg
Gigabyte B850M EAGLE WIFI6E,167.49,AM5,Micro ATX,256 GB,4,Black,,,https://cdna.pcpartpicker.com/static/forever/images/product/a6491e56a9da34963366a7c07b77542f.256p.jpg
Gigabyte X870 AORUS STEALTH ICE,325.99,AM5,ATX,256 GB,4,White,,,https://cdna.pcpartpicker.com/static/forever/images/product/4c263d43ab302ef40ad11a46fa4de96e.256p.jpg
MSI B850M GAMING PLUS WIFI6E,289.70,AM5,Micro ATX,256 GB,4,Silver / White,,,https://cdna.pcpartpicker.com/static/forever/images/product/37827bd7e65261b435700a312e780343.256p.jpg
Asus TUF GAMING B760M-PLUS WIFI II,287.61,LGA1700,Micro ATX,192 GB,4,Black / Orange,,,https://cdna.pcpartpicker.com/static/forever/images/product/e88401bf243576dc4626866d019cd58e.256p.jpg
Gigabyte Z890 EAGLE WIFI7,222.99,LGA1851,ATX,256 GB,4,Silver / Black,,,https://cdna.pcpartpicker.com/static/forever/images/product/34de227b943c27e3486ab6e4aff51341.256p.jpg
Gigabyte B850I AORUS PRO,286.99,AM5,Mini ITX,128 GB,2,,,,https://cdna.pcpartpicker.com/static/forever/images/product/eaf7d7e4417a44ec7b73e8da2a29142b.256p.jpg
MSI MPG X870E EDGE TI WIFI,320.99,AM5,ATX,256 GB,4,Silver / White,,,https://cdna.pcpartpicker.com/static/forever/images/product/c4c8f2a6a1e68f45227b8d0901995a43.256p.jpg
MSI PRO B850M-A WIFI,195.99,AM5,Micro ATX,256 GB,4,Black / Silver,,,https://cdna.pcpartpicker.com/static/forever/images/product/9f36e7016dcb0e90f99d71e992ed2ca6.256p.jpg
Gigabyte A520M DS3H V2,,AM4,Micro ATX,128 GB,4,Gray / Brown,,,https://cdna.pcpartpicker.com/static/forever/images/product/0090b895d648338f39bc35ccaa60ca67.256p.jpg
Gigabyte A520M S2H,89.95,AM4,Micro ATX,64 GB,2,Black,,,https://cdna.pcpartpicker.com/static/forever/images/product/63b64f6b10bbfb2c406fdbf40bde777d.256p.jpg
Asus PRIME H610M-E D4-CSM,106.11,LGA1700,Micro ATX,64 GB,2,Silver / Black,,,https://cdna.pcpartpicker.com/static/forever/images/product/d239f039aeb86a1e0895a904a29ae9c5.256p.jpg
ASRock X870 Pro RS WiFi,212.99,AM5,ATX,256 GB,4,White,,,https://cdna.pcpartpicker.com/static/forever/images/product/3c18873a597e1d70ab53fca8e67c2897.256p.jpg
Gigabyte X870E AORUS PRO,330.95,AM5,ATX,256 GB,4,Black,,,https://cdna.pcpartpicker.com/static/forever/images/product/b67c09d12ff76df65b86485c3faeb5dc.256p.jpg
Gigabyte X870E AORUS XTREME X3D AI TOP,18470.99,AM5,EATX,256 GB,4,Black,,,https://cdna.pcpartpicker.com/static/forever/images/product/6fdce9019bc0bfeae832f72fcc7701e9.256p.jpg
MSI PRO B860M-A WIFI,200.98,LGA1851,Micro ATX,256 GB,4,Silver / Black,,,https://cdna.pcpartpicker.com/static/forever/images/product/6c74beb5c52c860a45a3c0a014e85e70.256p.jpg
MSI MAG B860 TOMAHAWK WIFI,149.99,LGA1851,ATX,256 GB,4,Black / Yellow,,,https://cdna.pcpartpicker.com/static/forever/images/product/713074681356fa5f3825c29a20501a5c.256p.jpg
Asus ProArt Z890-CREATOR WIFI,531.73,LGA1851,ATX,256 GB,4,Black / Gold,,,https://m.media-amazon.com/images/I/51akQq727kL.jpg
Gigabyte B550 UD AC,120.99,AM4,ATX,128 GB,4,Brown / Black,,,https://cdna.pcpartpicker.com/static/forever/images/product/9c84b688f61e7464302774dcde515727.256p.jpg
Gigabyte B850M AORUS ELITE WIFI6E,295.41,AM5,Micro ATX,256 GB,4,Black,,,https://m.media-amazon.com/images/I/51nBAwELWhL.jpg
Gigabyte B450M DS3H,,AM4,Micro ATX,128 GB,4,Black / Silver,,,https://cdna.pcpartpicker.com/static/forever/images/product/176028811e50cad67b57ed0e604229c9.256p.jpg
MSI B550 GAMING WIFI,225.63,AM4,ATX,128 GB,4,Black / Silver,,,https://cdna.pcpartpicker.com/static/forever/images/product/f3e4ed820c87b4b1aa95a00a28c0119d.256p.jpg
Asus ROG STRIX B550-F GAMING,,AM4,ATX,128 GB,4,Black,,,https://cdna.pcpartpicker.com/static/forever/images/product/2fab0cd72166896f8652fe39a7be1984.256p.jpg
Asus TUF GAMING B860-PLUS WIFI,176.00,LGA1851,ATX,256 GB,4,Black / Gray,,,https://cdna.pcpartpicker.com/static/forever/images/product/f97de77a54de310cb46697e9a8f8e179.256p.jpg
MSI PRO B850-P WIFI,198.99,AM5,ATX,256 GB,4,Silver / Black,,,https://cdna.pcpartpicker.com/static/forever/images/product/5b18758444f0beaee3b10e125a16688e.256p.jpg
ASRock B850M Riptide WiFi,149.99,AM5,Micro ATX,256 GB,4,Black,,,https://cdna.pcpartpicker.com/static/forever/images/product/b17a445556fd7abaaebb5f907bf7942d.256p.jpg
MSI MAG X870E TOMAHAWK MAX WIFI PZ,289.99,AM5,ATX,256 GB,4,White / Gray,,,https://cdna.pcpartpicker.com/static/forever/images/product/02e89b67343c08f2d1ff0b41388ecce3.256p.jpg
Asus ROG STRIX B450-F GAMING,152.99,AM4,ATX,128 GB,4,Black,,,https://cdna.pcpartpicker.com/static/forever/images/product/66e5b5e4d0a52b6a2f99bb53bf52eee7.256p.jpg
Asus ROG MAXIMUS Z890 HERO,474.20,LGA1851,ATX,256 GB,4,Black,,,https://cdna.pcpartpicker.com/static/forever/images/product/a35b5eeaee6cdb44ec2f0b888b582a29.256p.jpg
ASUS Pro WS TRX50-SAGE WIFI,899.99,sTR5,EATX,512 GB,4,Black / Silver,yes,,
ASRock TRX50 WS,749.99,sTR5,EATX,512 GB,4,Black / Silver,yes,,
Gigabyte TRX50 AORUS MASTER,899.99,sTR5,EATX,512 GB,4,Black / Silver,yes,,
ASUS Pro WS WRX90-SAGE SE,1299.99,WRX90,EATX,1024 GB,8,Black / Silver,yes,,
ASRock WRX90 WS,999.99,WRX90,EATX,1024 GB,8,Black / Silver,yes,,