web_scraper_order,web_scraper_start_url,data,price,data2,data3,data4,data5,data6,data7,data8,data9,data10,data11,data12,data13,data14,data15,data16,data17,data18,data19,data20,data21,data22,data23,data24,data25,data26,data27,image,image2,image3,image4
"1784224200-1","https://www.scan.co.uk/shop/computer-hardware/cables/all","Adam Elements Lightning/MicroUSB Cable Du-Plug Flip 120, 1.2m, Pink, Apple MFI Certified, for iPhone/iPad/Smartphones","£0.98","LN61763","98","Adam Elements Pink Reversible 120cm Micro USB/Lightning Cable","Add To Basket","Adam Elements Lightning/MicroUSB Cable Du-Plug Flip 120","Compare","","Quick view","In stock","1.2m","Pink","Apple MFI Certified","for iPhone/iPad/Smartphones","Get it Tomorrow, 17 Jul","Tomorrow, 17 Jul","","Key Specifications","Get it Tomorrow, 17 Jul","Tomorrow, 17 Jul","","","Get it Tomorrow, 17 Jul","Tomorrow, 17 Jul","No customer review","","£","https://www.scan.co.uk/images/products/to/2495866.jpg","https://www.scan.co.uk/images/products/xlarge/2495866-xl-a.jpg","https://www.scan.co.uk/images/products/xlarge/2495866-xl-b.jpg","https://www.scan.co.uk/images/manufacturers/adamelements.gif"
"1784224200-2","https://www.scan.co.uk/shop/computer-hardware/cables/all","Adam Elements Lightning-Cable Charge/Sync Stand, 0.3m, Apple MFi Certified, for iPhone 5/6/7/8/X, Black","£0.98","LN61575","98","Adam Elements Lightning Charging Stand/Cable","Add To Basket","Adam Elements Lightning-Cable Charge/Sync Stand","Compare","","Quick view","In stock","0.3m","Apple MFi Certified","for iPhone 5/6/7/8/X","Black","Get it Tomorrow, 17 Jul","Tomorrow, 17 Jul","","Key Specifications","Get it Tomorrow, 17 Jul","Tomorrow, 17 Jul","","","Get it Tomorrow, 17 Jul","Tomorrow, 17 Jul","No customer review","","£","https://www.scan.co.uk/images/products/to/2495853.jpg","https://www.scan.co.uk/images/products/xlarge/2495853-xl-a.jpg","https://www.scan.co.uk/images/products/xlarge/2495853-xl-b.jpg","https://www.scan.co.uk/images/manufacturers/adamelements.gif"
"1784224200-3","https://www.scan.co.uk/shop/computer-hardware/cables/all","Adam Elements Lightning-Cable Charge/Sync Stand, 0.3m, Apple MFi Certified, for iPhone 5/6/7/8/X, White","£0.98","LN61578","98","Adam Elements iPhone 5/6/7/8/X Lightning Charging Stand/Cable","Add To Basket","Adam Elements Lightning-Cable Charge/Sync Stand","Compare","","Quick view","In stock","0.3m","Apple MFi Certified","for iPhone 5/6/7/8/X","White","Get it Tomorrow, 17 Jul","Tomorrow, 17 Jul","","Key Specifications","Get it Tomorrow, 17 Jul","Tomorrow, 17 Jul","","","Get it Tomorrow, 17 Jul","Tomorrow, 17 Jul","No customer review","","£","https://www.scan.co.uk/images/products/to/2495855.jpg","https://www.scan.co.uk/images/products/xlarge/2495855-xl-a.jpg","https://www.scan.co.uk/images/products/xlarge/2495855-xl-b.jpg","https://www.scan.co.uk/images/manufacturers/adamelements.gif"
"1784224200-4","https://www.scan.co.uk/shop/computer-hardware/cables/all","1M Techlink 528746 Apple Lightning Sync/Charge Cable w/ Fast 2.1A Car Charger, Apple MFI Certified, Black","£1.49","LN107047","49","Techlink iWires 1M Apple Lightning Cable with Fast 2.1A Car Charger","Add To Basket","1M Techlink 528746 Apple Lightning Sync/Charge Cable w/ Fast 2.1A Car Charger","Compare","","Quick view","In stock","Apple MFI Certified","Black","","","Get it Tomorrow, 17 Jul","Tomorrow, 17 Jul","","Key Specifications","Get it Tomorrow, 17 Jul","Tomorrow, 17 Jul","","","Get it Tomorrow, 17 Jul","Tomorrow, 17 Jul","No customer review","","£","https://www.scan.co.uk/images/products/to/3172902.jpg","https://www.scan.co.uk/images/products/xlarge/3172902-xl-a.jpg","","https://www.scan.co.uk/images/manufacturers/Techlink.gif"
"1784224200-5","https://www.scan.co.uk/shop/computer-hardware/cables/all","Adam Elements Lightning/MicroUSB Cable Du-Plug Flip 120, 1.2m Blue, Apple MFi Certified, for iPhone/iPad/Smartphones","£1.99","LN61764","99","Adam Elements Blue Reversible 120cm Micro USB/Lightning Cable","Add To Basket","Adam Elements Lightning/MicroUSB Cable Du-Plug Flip 120","Compare","","Quick view","In stock","1.2m Blue","Apple MFi Certified","for iPhone/iPad/Smartphones","","Get it Tomorrow, 17 Jul","Tomorrow, 17 Jul","","Key Specifications","Get it Tomorrow, 17 Jul","Tomorrow, 17 Jul","","","Get it Tomorrow, 17 Jul","Tomorrow, 17 Jul","No customer review","","£","https://www.scan.co.uk/images/products/to/2495868.jpg","https://www.scan.co.uk/images/products/xlarge/2495868-xl-a.jpg","https://www.scan.co.uk/images/products/xlarge/2495868-xl-b.jpg","https://www.scan.co.uk/images/manufacturers/adamelements.gif"
"1784224200-6","https://www.scan.co.uk/shop/computer-hardware/cables/all","Adam Elements Lightning/MicroUSB Cable Du-Plug Flip 20, 0.2m, Black, Apple MFi Certified, for iPhone/iPad/Smartphones","£1.99","LN61765","99","Adam Elements Black Reversible 20cm Micro USB/Lightning Cable","Add To Basket","Adam Elements Lightning/MicroUSB Cable Du-Plug Flip 20","Compare","","Quick view","In stock","0.2m","Black","Apple MFi Certified","for iPhone/iPad/Smartphones","Get it Tomorrow, 17 Jul","Tomorrow, 17 Jul","","Key Specifications","Get it Tomorrow, 17 Jul","Tomorrow, 17 Jul","","","Get it Tomorrow, 17 Jul","Tomorrow, 17 Jul","No customer review","","£","https://www.scan.co.uk/images/products/to/2495870.jpg","https://www.scan.co.uk/images/products/xlarge/2495870-xl-a.jpg","https://www.scan.co.uk/images/products/xlarge/2495870-xl-b.jpg","https://www.scan.co.uk/images/manufacturers/adamelements.gif"
"1784224200-7","https://www.scan.co.uk/shop/computer-hardware/cables/all","Adam Elements Lightning/MicroUSB Cable Du-Plug Flip 20, 0.2m, White, Apple MFi Certified, for iPhone/iPad/Smartphones","£1.99","LN61767","99","Adam Elements White Reversible 20cm Micro USB/Lightning Cable","Add To Basket","Adam Elements Lightning/MicroUSB Cable Du-Plug Flip 20","Compare","","Quick view","In stock","0.2m","White","Apple MFi Certified","for iPhone/iPad/Smartphones","Get it Tomorrow, 17 Jul","Tomorrow, 17 Jul","","Key Specifications","Get it Tomorrow, 17 Jul","Tomorrow, 17 Jul","","","Get it Tomorrow, 17 Jul","Tomorrow, 17 Jul","No customer review","","£","https://www.scan.co.uk/images/products/to/2495871.jpg","https://www.scan.co.uk/images/products/xlarge/2495871-xl-a.jpg","https://www.scan.co.uk/images/products/xlarge/2495871-xl-b.jpg","https://www.scan.co.uk/images/manufacturers/adamelements.gif"
"1784224200-8","https://www.scan.co.uk/shop/computer-hardware/cables/all","0.8M Allocacoc 3-in-1 USB-A to Lightning / Mini USB / Micro USB Adapter Cable, Durable, Tangle-Free,  MFI Certified","£2.59","LN150302","59","Allocacoc USB-A to Lightning / Mini USB / Micro USB Adapter 3-in-1 Adapter Cable","Add To Basket","0.8M Allocacoc 3-in-1 USB-A to Lightning / Mini USB / Micro USB Adapter Cable","Compare","","Quick view","In stock","Durable","Tangle-Free","MFI Certified","","Get it Tomorrow, 17 Jul","Tomorrow, 17 Jul","Offer","Key Specifications","Get it Tomorrow, 17 Jul","Tomorrow, 17 Jul","","","Get it Tomorrow, 17 Jul","Tomorrow, 17 Jul","No customer review","","£","https://www.scan.co.uk/images/products/to/3626507.jpg","https://www.scan.co.uk/images/products/xlarge/3626507-xl-a.jpg","https://www.scan.co.uk/images/products/xlarge/3626507-xl-b.jpg",""
"1784224200-9","https://www.scan.co.uk/shop/computer-hardware/cables/all","32GB MEEM V2 Apple iOS Automatic Backup Cable + Sync/Charge USB to Lightning  MFi Approved","£3.49","LN108648","49","MEEM Apple iOS 32GB V2 Automatic Backup Cable Sync/Charge USB-Lightning MFi Approved","Add To Basket","32GB MEEM V2 Apple iOS Automatic Backup Cable + Sync/Charge USB to Lightning  MFi Approved","Compare","(1)","Quick view","In stock","","","","","Get it Tomorrow, 17 Jul","Tomorrow, 17 Jul","","Key Specifications","Get it Tomorrow, 17 Jul","Tomorrow, 17 Jul","","","Get it Tomorrow, 17 Jul","Tomorrow, 17 Jul","","Customer Review","£","https://www.scan.co.uk/images/products/to/3196029.jpg","https://www.scan.co.uk/images/products/xlarge/3196029-xl-a.jpg","https://www.scan.co.uk/images/products/xlarge/3196029-xl-b.jpg","https://www.scan.co.uk/images/manufacturers/Meem.gif"
"1784224200-10","https://www.scan.co.uk/shop/computer-hardware/cables/all","1.5M DigiPower SP-3N1 3-in-1 Apple Lightning, 30-Pin and Micro-USB Combo Cable to USB 2.0 Cable, MFI Certified, White","£3.98","LN84339","98","DigiPower 5Ft 3-in-1 Apple Lightning 30-Pin & Micro-USB Combo Cable","Add To Basket","1.5M DigiPower SP-3N1 3-in-1 Apple Lightning","Compare","","Quick view","In stock","30-Pin and Micro-USB Combo Cable to USB 2.0 Cable","MFI Certified","White","","Get it Tomorrow, 17 Jul","Tomorrow, 17 Jul","Sale","Key Specifications","Get it Tomorrow, 17 Jul","Tomorrow, 17 Jul","","","Get it Tomorrow, 17 Jul","Tomorrow, 17 Jul","No customer review","","£","https://www.scan.co.uk/images/products/to/2883171.jpg","https://www.scan.co.uk/images/products/xlarge/2883171-xl-a.jpg","","https://www.scan.co.uk/images/manufacturers/digipower.gif"
"1784224200-11","https://www.scan.co.uk/shop/computer-hardware/cables/all","1.8M Mophie Apple Lightning to USB-C Fast Charge & Sync Cable Braided White","£3.98","LN109456","98","Mophie Apple Lightning to USB-C Fast Charge & Sync Cable Heavy Duty White 1.8M","Add To Basket","1.8M Mophie Apple Lightning to USB-C Fast Charge & Sync Cable Braided White","Compare","","Quick view","In stock","","","","","Get it Tomorrow, 17 Jul","Tomorrow, 17 Jul","","Key Specifications","Get it Tomorrow, 17 Jul","Tomorrow, 17 Jul","","","Get it Tomorrow, 17 Jul","Tomorrow, 17 Jul","No customer review","","£","https://www.scan.co.uk/images/products/to/3206034.jpg","https://www.scan.co.uk/images/products/xlarge/3206034-xl-a.jpg","","https://www.scan.co.uk/images/manufacturers/mophie.gif"
"1784224200-12","https://www.scan.co.uk/shop/computer-hardware/cables/all","1M Mophie USB-C to Apple Lightning Durable Braided Cable, Sync/Fast Charge, 60W MFi Certified Black","£3.98","LN108821","98","Mophie Apple Lightning to USB-C 3.1 Durable Braided Fast Sync/Charge Cable 1M 60W","Add To Basket","1M Mophie USB-C to Apple Lightning Durable Braided Cable","Compare","(1)","Quick view","In stock","Sync/Fast Charge","60W MFi Certified Black","","","Get it Tomorrow, 17 Jul","Tomorrow, 17 Jul","","Key Specifications","Get it Tomorrow, 17 Jul","Tomorrow, 17 Jul","","","Get it Tomorrow, 17 Jul","Tomorrow, 17 Jul","","Customer Review","£","https://www.scan.co.uk/images/products/to/3199130.jpg","https://www.scan.co.uk/images/products/xlarge/3199130-xl-a.jpg","https://www.scan.co.uk/images/products/xlarge/3199130-xl-b.jpg","https://www.scan.co.uk/images/manufacturers/mophie.gif"
"1784224200-13","https://www.scan.co.uk/shop/computer-hardware/cables/all","64GB MEEM V2 Apple iOS Automatic Backup Cable + Sync/Charge USB to Lightning MFi Approved","£3.98","LN108649","98","MEEM Apple iOS 64GB V2 Automatic Backup Cable Sync/Charge USB-Lightning MFi Approved","Add To Basket","64GB MEEM V2 Apple iOS Automatic Backup Cable + Sync/Charge USB to Lightning MFi Approved","Compare","(1)","Quick view","In stock","","","","","Get it Tomorrow, 17 Jul","Tomorrow, 17 Jul","","Key Specifications","Get it Tomorrow, 17 Jul","Tomorrow, 17 Jul","","","Get it Tomorrow, 17 Jul","Tomorrow, 17 Jul","","Customer Review","£","https://www.scan.co.uk/images/products/to/3196032.jpg","https://www.scan.co.uk/images/products/xlarge/3196032-xl-a.jpg","https://www.scan.co.uk/images/products/xlarge/3196032-xl-b.jpg","https://www.scan.co.uk/images/manufacturers/Meem.gif"
"1784224200-14","https://www.scan.co.uk/shop/computer-hardware/cables/all","Adam Elements In-Car 12V Lightning/MicroUSB Du-Plug Charger + Cable, 0.9m Black, Apple MFi Cert. for iPhone/iPad/Phones","£3.98","LN61768","98","USB in-Car Cigarette Lighter Charger 2.1A inc 2 in 1 Micro-USB, Apple Lightning Cable","Add To Basket","Adam Elements In-Car 12V Lightning/MicroUSB Du-Plug Charger + Cable","Compare","","Quick view","In stock","0.9m Black","Apple MFi Cert. for iPhone/iPad/Phones","","","Get it Tomorrow, 17 Jul","Tomorrow, 17 Jul","","Key Specifications","Get it Tomorrow, 17 Jul","Tomorrow, 17 Jul","","","Get it Tomorrow, 17 Jul","Tomorrow, 17 Jul","No customer review","","£","https://www.scan.co.uk/images/products/to/2495872.jpg","https://www.scan.co.uk/images/products/xlarge/2495872-xl-a.jpg","https://www.scan.co.uk/images/products/xlarge/2495872-xl-b.jpg","https://www.scan.co.uk/images/manufacturers/adamelements.gif"
"1784224200-15","https://www.scan.co.uk/shop/computer-hardware/cables/all","1.2M Vantev USB-C to Apple Lightning Durable Braided Cable, USB3.1 Sync/Fast Charge 3A, MFi Certified Steel Grey","£4.99","LN120808","99","Ventev Apple Lightning to USB-C 3.1 Durable Braided Fast Sync/Charge Cable 1.2M Steel Grey","Add To Basket","1.2M Vantev USB-C to Apple Lightning Durable Braided Cable","Compare","","Quick view","In stock","USB3.1 Sync/Fast Charge 3A","MFi Certified Steel Grey","","","Get it Tomorrow, 17 Jul","Tomorrow, 17 Jul","","Key Specifications","Get it Tomorrow, 17 Jul","Tomorrow, 17 Jul","","","Get it Tomorrow, 17 Jul","Tomorrow, 17 Jul","No customer review","","£","https://www.scan.co.uk/images/products/to/3371558.jpg","https://www.scan.co.uk/images/products/xlarge/3371558-xl-a.jpg","https://www.scan.co.uk/images/products/xlarge/3371558-xl-b.jpg",""
"1784224200-16","https://www.scan.co.uk/shop/computer-hardware/cables/all","2 Pack 1M Desire2 Tek TEK Apple Lightning Cable USB Super Robust Armoured Charge and SYNC Cable MFi Certified White","£4.99","LN107195","99","Twin Pack Desire2 TEK Apple Lightning Cable USB Robust Armoured Sync & Charge 1M White MFi","Add To Basket","2 Pack 1M Desire2 Tek TEK Apple Lightning Cable USB Super Robust Armoured Charge and SYNC Cable MFi Certified White","Compare","","Quick view","In stock","","","","","Get it Tomorrow, 17 Jul","Tomorrow, 17 Jul","Offer","Key Specifications","Get it Tomorrow, 17 Jul","Tomorrow, 17 Jul","","","Get it Tomorrow, 17 Jul","Tomorrow, 17 Jul","No customer review","","£","https://www.scan.co.uk/images/products/to/3175143.jpg","https://www.scan.co.uk/images/products/xlarge/3175143-xl-a.jpg","","https://www.scan.co.uk/images/manufacturers/Desire2.gif"
"1784224200-17","https://www.scan.co.uk/shop/computer-hardware/cables/all","1M Xlio Apple Lightning to USB Cable for iPhones/iPads Sync and Charge Apple MFi CERTIFIED, Black","£5.50","LN52928","50","Xclio Apple Lightning to USB Sync & Charge Cable MFi Certified 1M","Add To Basket","1M Xlio Apple Lightning to USB Cable for iPhones/iPads Sync and Charge Apple MFi CERTIFIED","Compare","(1)","Quick view","In stock","Black","","","","Get it Tomorrow, 17 Jul","Tomorrow, 17 Jul","","Key Specifications","Get it Tomorrow, 17 Jul","Tomorrow, 17 Jul","","","Get it Tomorrow, 17 Jul","Tomorrow, 17 Jul","","Customer Review","£","https://www.scan.co.uk/images/products/to/2211691.jpg","https://www.scan.co.uk/images/products/xlarge/2211691-xl-a.jpg","https://www.scan.co.uk/images/products/xlarge/2211691-xl-b.jpg","https://www.scan.co.uk/images/manufacturers/xclio-2.gif"
"1784224200-18","https://www.scan.co.uk/shop/computer-hardware/cables/all","Apple MW5L3ZM/A USB Type-C to USB Type-A Adapter, For External devices or USB Sync/Charge","£19.00","LN156448","00","Apple USB-C to USB-A Adapter","Pre Order","Apple MW5L3ZM/A USB Type-C to USB Type-A Adapter","Compare","","Quick view","ETA 1-3 days","For External devices or USB Sync/Charge","","","","","","","Key Specifications","","","","","","","No customer review","","£","https://www.scan.co.uk/images/products/to/3677585.jpg","https://www.scan.co.uk/images/products/xlarge/3677585-xl-a.jpg","https://www.scan.co.uk/images/products/xlarge/3677585-xl-b.jpg","https://www.scan.co.uk/images/manufacturers/apple.gif"
"1784224200-19","https://www.scan.co.uk/shop/computer-hardware/cables/all","2m Apple USB Type-C to USB Type-C Charge & Sync Cable, 240W, Charge / Sync / Transfer","£27.79","LN170786","79","Apple 2m USB-C to USB-C Charge & Sync Cable 240W","Pre Order","2m Apple USB Type-C to USB Type-C Charge & Sync Cable","Compare","","Quick view","ETA 1-3 days","240W","Charge / Sync / Transfer","","","","","","Key Specifications","","","","","","","No customer review","","£","https://www.scan.co.uk/images/products/to/3803605.jpg","https://www.scan.co.uk/images/products/xlarge/3803605-xl-a.jpg","https://www.scan.co.uk/images/products/xlarge/3803605-xl-b.jpg","https://www.scan.co.uk/images/manufacturers/apple.gif"
"1784224200-20","https://www.scan.co.uk/shop/computer-hardware/cables/all","1m Apple Watch Magnetic Fast Charger to USB Type-C (Male) Cable, Braided","£29.00","LN141040","00","Apple 1m Watch Charger to USB-C Cable","Add To Basket","1m Apple Watch Magnetic Fast Charger to USB Type-C (Male) Cable","Compare","","Quick view","In stock","Braided","","","","Get it Tomorrow, 17 Jul","Tomorrow, 17 Jul","","Key Specifications","Get it Tomorrow, 17 Jul","Tomorrow, 17 Jul","","","Get it Tomorrow, 17 Jul","Tomorrow, 17 Jul","No customer review","","£","https://www.scan.co.uk/images/products/to/3556135.jpg","https://www.scan.co.uk/images/products/xlarge/3556135-xl-a.jpg","https://www.scan.co.uk/images/products/xlarge/3556135-xl-b.jpg","https://www.scan.co.uk/images/manufacturers/apple.gif"
"1784224200-21","https://www.scan.co.uk/shop/computer-hardware/cables/all","Apple Lightning (Female) to USB Type-C (Male) Adapter Cable, Braided, Charge/Sync/Transfer","£29.00","LN141038","00","Apple Lightning to USB-C Adapter Cable","Pre Order","Apple Lightning (Female) to USB Type-C (Male) Adapter Cable","Compare","","Quick view","Pre order","Braided","Charge/Sync/Transfer","","","","","","Key Specifications","","","","","","","No customer review","","£","https://www.scan.co.uk/images/products/to/3556132.jpg","https://www.scan.co.uk/images/products/xlarge/3556132-xl-a.jpg","","https://www.scan.co.uk/images/manufacturers/apple.gif"
"1784224200-22","https://www.scan.co.uk/shop/computer-hardware/cables/all","Apple MD821ZM/A Lightning to USB Camera Adapter, compatible with iPad 4th Generation, iPad Mini","£29.00","LN48271","00","Apple Lightning to USB Camera Adapter","Pre Order","Apple MD821ZM/A Lightning to USB Camera Adapter","Compare","","Quick view","Pre order","compatible with iPad 4th Generation","iPad Mini","","","","","","Key Specifications","","","","","","","No customer review","","£","https://www.scan.co.uk/images/products/to/1995329.jpg","https://www.scan.co.uk/images/products/xlarge/1995329-xl-a.jpg","https://www.scan.co.uk/images/products/xlarge/1995329-xl-b.jpg","https://www.scan.co.uk/images/manufacturers/apple.gif"
"1784224200-23","https://www.scan.co.uk/shop/computer-hardware/cables/all","Apple MD837ZM/A Travel Adapter Kit, For North America, Japan, China, UK, Europe, Korea, Australia, Hong Kong and Brazil","£29.00","LN116275","00","Apple World Travel Adapter Kit","Pre Order","Apple MD837ZM/A Travel Adapter Kit","Compare","","Quick view","Pre order","For North America","Japan","China","UK","","","","Key Specifications","","","","","","","No customer review","","£","https://www.scan.co.uk/images/products/to/3315964.jpg","https://www.scan.co.uk/images/products/xlarge/3315964-xl-a.jpg","https://www.scan.co.uk/images/products/xlarge/3315964-xl-b.jpg","https://www.scan.co.uk/images/manufacturers/apple.gif"
"1784224200-24","https://www.scan.co.uk/shop/computer-hardware/cables/all","Apple AirTag GPS Locator, Water Resistant, Bluetooth, iOS 14.5+, Single Pack","£30.00","LN116391","00","Single Pack Apple AirTag GPS Locator","Pre Order","Apple AirTag GPS Locator","Compare","(2)","Quick view","ETA 1-2 days","Water Resistant","Bluetooth","iOS 14.5+","Single Pack","","","","Key Specifications","","","","","","","","Customer Review","£","https://www.scan.co.uk/images/products/to/3317436.jpg","https://www.scan.co.uk/images/products/xlarge/3317436-xl-a.jpg","https://www.scan.co.uk/images/products/xlarge/3317436-xl-b.jpg","https://www.scan.co.uk/images/manufacturers/apple.gif"
"1784224200-25","https://www.scan.co.uk/shop/computer-hardware/cables/all","1.2M Apple Lightning to 3.5mm Audio Cable, iOS/iPadOS/macOS, Black","£34.99","LN154679","99","Apple 1.2M Lightning to 3.5mm Audio Cable - Black","Pre Order","1.2M Apple Lightning to 3.5mm Audio Cable","Compare","","Quick view","Pre order","iOS/iPadOS/macOS","Black","","","","","","Key Specifications","","","","","","","No customer review","","£","https://www.scan.co.uk/images/products/to/3663889.jpg","https://www.scan.co.uk/images/products/xlarge/3663889-xl-a.jpg","https://www.scan.co.uk/images/products/xlarge/3663889-xl-b.jpg","https://www.scan.co.uk/images/manufacturers/apple.gif"
"1784224200-26","https://www.scan.co.uk/shop/computer-hardware/cables/all","2m Apple USB-C (Male) to MagSafe 3 (Male) Charging Cable, Amber/Green Battery Level Indicator LED, White","£49.00","LN120854","00","Apple 2m USB-C to MagSafe 3 Charging Cable","Pre Order","2m Apple USB-C (Male) to MagSafe 3 (Male) Charging Cable","Compare","","Quick view","Pre order","Amber/Green Battery Level Indicator LED","White","","","","","","Key Specifications","","","","","","","No customer review","","£","https://www.scan.co.uk/images/products/to/3372251.jpg","https://www.scan.co.uk/images/products/xlarge/3372251-xl-a.jpg","","https://www.scan.co.uk/images/manufacturers/apple.gif"
"1784224200-27","https://www.scan.co.uk/shop/computer-hardware/cables/all","Apple USB-C VGA Multiport Adapter, Thunderbolt 3, USB, 1080p","£68.48","LN104715","48","Apple USB-C VGA Multiport Adapter","Pre Order","Apple USB-C VGA Multiport Adapter","Compare","","Quick view","Pre order","Thunderbolt 3","USB","1080p","","","","","Key Specifications","","","","","","","No customer review","","£","https://www.scan.co.uk/images/products/to/3140665.jpg","https://www.scan.co.uk/images/products/xlarge/3140665-xl-a.jpg","https://www.scan.co.uk/images/products/xlarge/3140665-xl-b.jpg","https://www.scan.co.uk/images/manufacturers/apple.gif"
"1784224200-28","https://www.scan.co.uk/shop/computer-hardware/cables/all","OWC USB-C Dual HDMI 4K Display Adapter","£72.98","LN161810","98","OWC USB-C Dual HDMI 4K Display Adapter","Add To Basket","OWC USB-C Dual HDMI 4K Display Adapter","Compare","(1)","Quick view","In stock","","","","","Get it Tomorrow, 17 Jul","Tomorrow, 17 Jul","","Key Specifications","Get it Tomorrow, 17 Jul","Tomorrow, 17 Jul","","","Get it Tomorrow, 17 Jul","Tomorrow, 17 Jul","","Customer Review","£","https://www.scan.co.uk/images/products/to/3721958.jpg","https://www.scan.co.uk/images/products/xlarge/3721958-xl-a.jpg","https://www.scan.co.uk/images/products/xlarge/3721958-xl-b.jpg","https://www.scan.co.uk/images/manufacturers/OWC.gif"
"1784224200-29","https://www.scan.co.uk/shop/computer-hardware/cables/all","Apple MW5M3ZM/A USB-C Digital AV Multiport Adapter, compatible with USB-C iPhones, iPads, iMacs and Macbooks","£75.00","LN150814","00","Apple USB-C Digital AV Multiport Adapter","Pre Order","Apple MW5M3ZM/A USB-C Digital AV Multiport Adapter","Compare","","Quick view","ETA 1-3 days","compatible with USB-C iPhones","iPads","iMacs and Macbooks","","","","","Key Specifications","","","","","","","No customer review","","£","https://www.scan.co.uk/images/products/to/3629670.jpg","https://www.scan.co.uk/images/products/xlarge/3629670-xl-a.jpg","https://www.scan.co.uk/images/products/xlarge/3629670-xl-b.jpg","https://www.scan.co.uk/images/manufacturers/apple.gif"
"1784224200-30","https://www.scan.co.uk/shop/computer-hardware/cables/all","4 Pack Apple AirTag Locator, Water Resistant, Bluetooth, iOS 14.5+","£99.98","LN116392","98","Apple AirTag Locator Bluetooth 4 Pack","Pre Order","4 Pack Apple AirTag Locator","Compare","(4)","Quick view","ETA 1-2 days","Water Resistant","Bluetooth","iOS 14.5+","","","","","Key Specifications","","","PayPal Credit options available","PAYPAL","","","","Customer Review","£","https://www.scan.co.uk/images/products/to/3317437.jpg","https://www.scan.co.uk/images/products/xlarge/3317437-xl-a.jpg","https://www.scan.co.uk/images/products/xlarge/3317437-xl-b.jpg","https://www.scan.co.uk/images/manufacturers/apple.gif"
"1784224200-31","https://www.scan.co.uk/shop/computer-hardware/cables/all","Apple MagSafe Duo Charger, iPhone/Apple Watch/AirPods, USB-C, Qi-Certified, White","£129.00","LN124997","00","Apple MagSafe Duo Charger","Pre Order","Apple MagSafe Duo Charger","Compare","","Quick view","Pre order","iPhone/Apple Watch/AirPods","USB-C","Qi-Certified","White","","","","Key Specifications","","","PayPal Credit options available","PAYPAL","","","No customer review","","£","https://www.scan.co.uk/images/products/to/3385741.jpg","https://www.scan.co.uk/images/products/xlarge/3385741-xl-a.jpg","https://www.scan.co.uk/images/products/xlarge/3385741-xl-b.jpg","https://www.scan.co.uk/images/manufacturers/apple.gif"
"1784224200-32","https://www.scan.co.uk/shop/computer-hardware/cables/all","OWC USB-C Quad HDMI 4K Display Adapter, USB Type-C to 4x HDMI 2.0, Up to 4K @ 60Hz, Silver","£191.99","LN161809","99","OWC USB-C Quad HDMI 4K Display Adapter with DisplayLink","Add To Basket","OWC USB-C Quad HDMI 4K Display Adapter","Compare","","Quick view","In stock","USB Type-C to 4x HDMI 2.0","Up to 4K @ 60Hz","Silver","","Get it Tomorrow, 17 Jul","Tomorrow, 17 Jul","","Key Specifications","Get it Tomorrow, 17 Jul","Tomorrow, 17 Jul","PayPal Credit options available","PAYPAL","Get it Tomorrow, 17 Jul","Tomorrow, 17 Jul","No customer review","","£","https://www.scan.co.uk/images/products/to/3721957.jpg","https://www.scan.co.uk/images/products/xlarge/3721957-xl-a.jpg","https://www.scan.co.uk/images/products/xlarge/3721957-xl-b.jpg","https://www.scan.co.uk/images/manufacturers/OWC.gif"
