web_scraper_order,web_scraper_start_url,data,price,data2,data3,data4,data5,data6,data7,data8,data9,data10,data11,data12,data13,data14,data15,data16,data17,data18,data19,data20,data21,data22,data23,data24,data25,data26,data27,data28,data29,data30,data31,data32,data33,image,image2,image3,image4
"1784224195-1","https://www.scan.co.uk/shop/computer-hardware/game-controllers/all","Razer Kishi for iPhone, Clickable Analog Thumbsticks, Pass Through Charging, Ultra-Low Latency Gameplay,Ergonomic Design","£29.99","LN126204","","Razer Kishi Gaming Controller for iPhone","Add To Basket","Razer Kishi for iPhone","Compare","Quick view","In stock","48hr","Clickable Analog Thumbsticks","Pass Through Charging","Ultra-Low Latency Gameplay","Ergonomic Design","","Get it Tomorrow, 17 Jul","Tomorrow, 17 Jul","Replacement","","99","Key Specifications","48hr","","Get it Tomorrow, 17 Jul","Tomorrow, 17 Jul","","","Get it Tomorrow, 17 Jul","Tomorrow, 17 Jul","Replacement","","No customer review","£","https://www.scan.co.uk/images/products/to/3419308.jpg","https://www.scan.co.uk/images/products/xlarge/3419308-xl-a.jpg","https://www.scan.co.uk/images/products/xlarge/3419308-xl-b.jpg","https://www.scan.co.uk/images/manufacturers/razer-logo.gif"
"1784224195-2","https://www.scan.co.uk/shop/computer-hardware/game-controllers/all","Razer Wolverine V3 Tournament Ed Controller, Mecha-Tactile Buttons, Razer HyperTrigger, Precision Thumbsticks, XBOX/PC","£84.49","LN149982","(1)","Razer Wolverine V3 Tournament Edition XBOX/PC Black Wired Esports Controller","Add To Basket","Razer Wolverine V3 Tournament Ed Controller","Compare","Quick view","In stock","48hr","Mecha-Tactile Buttons","Razer HyperTrigger","Precision Thumbsticks","XBOX/PC","","Get it Tomorrow, 17 Jul","Tomorrow, 17 Jul","Replacement","","49","Key Specifications","48hr","","Get it Tomorrow, 17 Jul","Tomorrow, 17 Jul","","","Get it Tomorrow, 17 Jul","Tomorrow, 17 Jul","Replacement","Customer Review","","£","https://www.scan.co.uk/images/products/to/3624955.jpg","https://www.scan.co.uk/images/products/xlarge/3624955-xl-a.jpg","https://www.scan.co.uk/images/products/xlarge/3624955-xl-b.jpg","https://www.scan.co.uk/images/manufacturers/razer-logo.gif"
"1784224195-3","https://www.scan.co.uk/shop/computer-hardware/game-controllers/all","Razer Wolverine V3 Pro Wireless Controller, Mecha-Tactile Buttons, Razer HyperTrigger, Precision Thumbsticks, XBOX/PC","£189.98","LN149983","(3)","Razer Wolverine V3 Pro XBOX/PC Black Wireless Esports Controller","Add To Basket","Razer Wolverine V3 Pro Wireless Controller","Compare","Quick view","In stock","48hr","Mecha-Tactile Buttons","Razer HyperTrigger","Precision Thumbsticks","XBOX/PC","","Get it Tomorrow, 17 Jul","Tomorrow, 17 Jul","Replacement","","98","Key Specifications","48hr","","Get it Tomorrow, 17 Jul","Tomorrow, 17 Jul","PayPal Credit options available","PAYPAL","Get it Tomorrow, 17 Jul","Tomorrow, 17 Jul","Replacement","Customer Review","","£","https://www.scan.co.uk/images/products/to/3624956.jpg","https://www.scan.co.uk/images/products/xlarge/3624956-xl-a.jpg","https://www.scan.co.uk/images/products/xlarge/3624956-xl-b.jpg","https://www.scan.co.uk/images/manufacturers/razer-logo.gif"
"1784224195-4","https://www.scan.co.uk/shop/computer-hardware/game-controllers/all","8BitDo Ultimate 2C Controller, Green, PC/Android, Wired, Hall Effect Joysticks and Triggers, Refined D-pad and Bumpers","£14.99","LN154461","","8BitDo Ultimate 2C Green Wired Controller Hall Effect for PC/Android","Pre Order","8BitDo Ultimate 2C Controller","Compare","Quick view","Pre order","","Green","PC/Android","Wired","Hall Effect Joysticks and Triggers","Refined D-pad and Bumpers","","","","","99","Key Specifications","","","","","","","","","","","No customer review","£","https://www.scan.co.uk/images/products/to/3662503.jpg","https://www.scan.co.uk/images/products/xlarge/3662503-xl-a.jpg","https://www.scan.co.uk/images/products/xlarge/3662503-xl-b.jpg","https://www.scan.co.uk/images/manufacturers/8bitdo.gif"
"1784224195-5","https://www.scan.co.uk/shop/computer-hardware/game-controllers/all","8BitDo Ultimate 2C Controller, Mint, PC/Android, Wired, Hall Effect Joysticks and Triggers, Refined D-pad and Bumpers","£14.99","LN154462","(1)","8BitDo Ultimate 2C Mint Wired Controller Hall Effect for PC/Android","Pre Order","8BitDo Ultimate 2C Controller","Compare","Quick view","Pre order","","Mint","PC/Android","Wired","Hall Effect Joysticks and Triggers","Refined D-pad and Bumpers","","","","","99","Key Specifications","","","","","","","","","","Customer Review","","£","https://www.scan.co.uk/images/products/to/3662505.jpg","https://www.scan.co.uk/images/products/xlarge/3662505-xl-a.jpg","https://www.scan.co.uk/images/products/xlarge/3662505-xl-b.jpg","https://www.scan.co.uk/images/manufacturers/8bitdo.gif"
"1784224195-6","https://www.scan.co.uk/shop/computer-hardware/game-controllers/all","8BitDo Ultimate 2C Controller, Purple, PC/Android, Wired, Hall Effect Joysticks and Triggers, Refined D-pad and Bumpers","£14.99","LN154460","","8BitDo Ultimate 2C Purple Wired Controller Hall Effect for PC/Android","Pre Order","8BitDo Ultimate 2C Controller","Compare","Quick view","Pre order","","Purple","PC/Android","Wired","Hall Effect Joysticks and Triggers","Refined D-pad and Bumpers","","","","","99","Key Specifications","","","","","","","","","","","No customer review","£","https://www.scan.co.uk/images/products/to/3662501.jpg","https://www.scan.co.uk/images/products/xlarge/3662501-xl-a.jpg","https://www.scan.co.uk/images/products/xlarge/3662501-xl-b.jpg","https://www.scan.co.uk/images/manufacturers/8bitdo.gif"
"1784224195-7","https://www.scan.co.uk/shop/computer-hardware/game-controllers/all","SteelSeries KontrolFreek Action Thumbsticks, Lotus Teal, Mid-Height, Textured, Clip-on, Xbox","£16.49","LN170044","","SteelSeries KontrolFreek Action Mid-Height Xbox Thumbsticks Lotus Edition","Add To Basket","SteelSeries KontrolFreek Action Thumbsticks","Compare","Quick view","In stock","","Lotus Teal","Mid-Height","Textured","Clip-on","Xbox","Get it Tomorrow, 17 Jul","Tomorrow, 17 Jul","","","49","Key Specifications","","","Get it Tomorrow, 17 Jul","Tomorrow, 17 Jul","","","Get it Tomorrow, 17 Jul","Tomorrow, 17 Jul","","","No customer review","£","https://www.scan.co.uk/images/products/to/3796923.jpg","https://www.scan.co.uk/images/products/xlarge/3796923-xl-a.jpg","https://www.scan.co.uk/images/products/xlarge/3796923-xl-b.jpg","https://www.scan.co.uk/images/manufacturers/kontrolfreek.gif"
"1784224195-8","https://www.scan.co.uk/shop/computer-hardware/game-controllers/all","SteelSeries KontrolFreek FPS Thumbsticks, Black, Dual-Height, Textured, Clip-on, PlayStation","£16.49","LN169801","","SteelSeries KontrolFreek FPS Dual-Height PlayStation Thumbsticks Galaxy Edition","Add To Basket","SteelSeries KontrolFreek FPS Thumbsticks","Compare","Quick view","In stock","","Black","Dual-Height","Textured","Clip-on","PlayStation","Get it Tomorrow, 17 Jul","Tomorrow, 17 Jul","","","49","Key Specifications","","","Get it Tomorrow, 17 Jul","Tomorrow, 17 Jul","","","Get it Tomorrow, 17 Jul","Tomorrow, 17 Jul","","","No customer review","£","https://www.scan.co.uk/images/products/to/3793658.jpg","https://www.scan.co.uk/images/products/xlarge/3793658-xl-a.jpg","https://www.scan.co.uk/images/products/xlarge/3793658-xl-b.jpg","https://www.scan.co.uk/images/manufacturers/kontrolfreek.gif"
"1784224195-9","https://www.scan.co.uk/shop/computer-hardware/game-controllers/all","SteelSeries KontrolFreek Universal Thumb Grips, Strawberry Sage, Non-Slip, Textured, Stretch-fit","£16.49","LN170043","","SteelSeries KontrolFreek Universal No-Slip Thumb Grips Strawberry Sage Edition","Add To Basket","SteelSeries KontrolFreek Universal Thumb Grips","Compare","Quick view","In stock","","Strawberry Sage","Non-Slip","Textured","Stretch-fit","","Get it Tomorrow, 17 Jul","Tomorrow, 17 Jul","","","49","Key Specifications","","","Get it Tomorrow, 17 Jul","Tomorrow, 17 Jul","","","Get it Tomorrow, 17 Jul","Tomorrow, 17 Jul","","","No customer review","£","https://www.scan.co.uk/images/products/to/3796922.jpg","https://www.scan.co.uk/images/products/xlarge/3796922-xl-a.jpg","https://www.scan.co.uk/images/products/xlarge/3796922-xl-b.jpg","https://www.scan.co.uk/images/manufacturers/kontrolfreek.gif"
"1784224195-10","https://www.scan.co.uk/shop/computer-hardware/game-controllers/all","8bitDo Offical Xbox Charging Dock, White, LED Charging Indicator, Magnetic Secure Charging, Storage Compartment","£24.98","LN154463","","8BitDo RET00477 Charging Dock for Xbox Wireless Controllers - White","Pre Order","8bitDo Offical Xbox Charging Dock","Compare","Quick view","Pre order","","White","LED Charging Indicator","Magnetic Secure Charging","Storage Compartment","","","","","","98","Key Specifications","","","","","","","","","","","No customer review","£","https://www.scan.co.uk/images/products/to/3662506.jpg","https://www.scan.co.uk/images/products/xlarge/3662506-xl-a.jpg","https://www.scan.co.uk/images/products/xlarge/3662506-xl-b.jpg","https://www.scan.co.uk/images/manufacturers/8bitdo.gif"
"1784224195-11","https://www.scan.co.uk/shop/computer-hardware/game-controllers/all","8BitDo Ultimate 2C Bluetooth Controller, Blue, Wired / BT, 6-Axis Motion, Hall Effect Joysticks, For Nintendo Switch","£24.98","LN154365","","8BitDo Ultimate 2C Bluetooth Wired / BT Blue Controller for Switch","Pre Order","8BitDo Ultimate 2C Bluetooth Controller","Compare","Quick view","Pre order","","Blue","Wired / BT","6-Axis Motion","Hall Effect Joysticks","For Nintendo Switch","","","","","98","Key Specifications","","","","","","","","","","","No customer review","£","https://www.scan.co.uk/images/products/to/3661105.jpg","https://www.scan.co.uk/images/products/xlarge/3661105-xl-a.jpg","https://www.scan.co.uk/images/products/xlarge/3661105-xl-b.jpg","https://www.scan.co.uk/images/manufacturers/8bitdo.gif"
"1784224195-12","https://www.scan.co.uk/shop/computer-hardware/game-controllers/all","8BitDo Ultimate 2C Controller, Mint, PC/Android, 2.4G/Wired, Hall Effect Joysticks and Triggers, Refined D-pad / Bumpers","£24.98","LN154465","","8BitDo Ultimate 2C Mint Wired/Wireless Controller Hall Effect for PC/Android","Pre Order","8BitDo Ultimate 2C Controller","Compare","Quick view","Pre order","","Mint","PC/Android","2.4G/Wired","Hall Effect Joysticks and Triggers","Refined D-pad / Bumpers","","","","","98","Key Specifications","","","","","","","","","","","No customer review","£","https://www.scan.co.uk/images/products/to/3662508.jpg","https://www.scan.co.uk/images/products/xlarge/3662508-xl-a.jpg","https://www.scan.co.uk/images/products/xlarge/3662508-xl-b.jpg","https://www.scan.co.uk/images/manufacturers/8bitdo.gif"
"1784224195-13","https://www.scan.co.uk/shop/computer-hardware/game-controllers/all","8BitDo Ultimate 2C Controller, Purple, PC/Android,2.4G/Wired, Hall Effect Joysticks and Triggers,Refined D-pad / Bumpers","£24.98","LN154464","","8BitDo Ultimate 2C Purple Wired/Wireless Controller Hall Effect for PC/Android","Pre Order","8BitDo Ultimate 2C Controller","Compare","Quick view","Pre order","","Purple","PC/Android","2.4G/Wired","Hall Effect Joysticks and Triggers","Refined D-pad / Bumpers","","","","","98","Key Specifications","","","","","","","","","","","No customer review","£","https://www.scan.co.uk/images/products/to/3662507.jpg","https://www.scan.co.uk/images/products/xlarge/3662507-xl-a.jpg","https://www.scan.co.uk/images/products/xlarge/3662507-xl-b.jpg","https://www.scan.co.uk/images/manufacturers/8bitdo.gif"
"1784224195-14","https://www.scan.co.uk/shop/computer-hardware/game-controllers/all","8BitDo 64 Bluetooth Controller, Black, Hall Effect Joysticks, Original Layout, BT/USB, Analogue3D/ Windows/ Switch","£29.99","LN153902","","8BitDo 64 Black Bluetooth Controller","Add To Basket","8BitDo 64 Bluetooth Controller","Compare","Quick view","In stock","","Black","Hall Effect Joysticks","Original Layout","BT/USB","Analogue3D/ Windows/ Switch","Get it Tomorrow, 17 Jul","Tomorrow, 17 Jul","","Sale","99","Key Specifications","","","Get it Tomorrow, 17 Jul","Tomorrow, 17 Jul","","","Get it Tomorrow, 17 Jul","Tomorrow, 17 Jul","Was:","","No customer review","£","https://www.scan.co.uk/images/products/to/3654517.jpg","https://www.scan.co.uk/images/products/xlarge/3654517-xl-a.jpg","https://www.scan.co.uk/images/products/xlarge/3654517-xl-b.jpg","https://www.scan.co.uk/images/manufacturers/8bitdo.gif"
"1784224195-15","https://www.scan.co.uk/shop/computer-hardware/game-controllers/all","8BitDo 64 Bluetooth Controller, White, Hall Effect Joysticks, Original Layout, BT/USB, Analogue3D/ Windows/ Switch","£29.99","LN153903","","8BitDo 64 White Bluetooth Controller","Add To Basket","8BitDo 64 Bluetooth Controller","Compare","Quick view","In stock","","White","Hall Effect Joysticks","Original Layout","BT/USB","Analogue3D/ Windows/ Switch","Get it Tomorrow, 17 Jul","Tomorrow, 17 Jul","","Sale","99","Key Specifications","","","Get it Tomorrow, 17 Jul","Tomorrow, 17 Jul","","","Get it Tomorrow, 17 Jul","Tomorrow, 17 Jul","Was:","","No customer review","£","https://www.scan.co.uk/images/products/to/3654518.jpg","https://www.scan.co.uk/images/products/xlarge/3654518-xl-a.jpg","https://www.scan.co.uk/images/products/xlarge/3654518-xl-b.jpg","https://www.scan.co.uk/images/manufacturers/8bitdo.gif"
"1784224195-16","https://www.scan.co.uk/shop/computer-hardware/game-controllers/all","8BitDo Ultimate 2C Bluetooth Controller, Pink, Wired / BT, 6-Axis Motion, Hall Effect Joysticks, For Nintendo Switch","£29.99","LN154366","","8BitDo Ultimate 2C Bluetooth Wired / BT Pink Controller for Switch","Pre Order","8BitDo Ultimate 2C Bluetooth Controller","Compare","Quick view","Pre order","","Pink","Wired / BT","6-Axis Motion","Hall Effect Joysticks","For Nintendo Switch","","","","","99","Key Specifications","","","","","","","","","","","No customer review","£","https://www.scan.co.uk/images/products/to/3661107.jpg","https://www.scan.co.uk/images/products/xlarge/3661107-xl-a.jpg","https://www.scan.co.uk/images/products/xlarge/3661107-xl-b.jpg","https://www.scan.co.uk/images/manufacturers/8bitdo.gif"
"1784224195-17","https://www.scan.co.uk/shop/computer-hardware/game-controllers/all","8BitDo SN30 Pro G-Classic Gamepad, Hall Effect Joysticks, Rumble Vibration, Motion Control, Retro D-Pad, USB- C/BT4.0","£32.99","LN147695","","8BitDo SN30 Pro Gamepad Hall Ed/G Classic","Pre Order","8BitDo SN30 Pro G-Classic Gamepad","Compare","Quick view","Pre order","","Hall Effect Joysticks","Rumble Vibration","Motion Control","Retro D-Pad","USB- C/BT4.0","","","","","99","Key Specifications","","","","","","","","","","","No customer review","£","https://www.scan.co.uk/images/products/to/3606295.jpg","https://www.scan.co.uk/images/products/xlarge/3606295-xl-a.jpg","https://www.scan.co.uk/images/products/xlarge/3606295-xl-b.jpg","https://www.scan.co.uk/images/manufacturers/8bitdo.gif"
"1784224195-18","https://www.scan.co.uk/shop/computer-hardware/game-controllers/all","8BitDo SN30 Pro Grey Gamepad, Hall Effect Joysticks, Rumble Vibration, Motion Control, Classic D-Pad, USB-C/BT 4.0","£34.99","LN147696","","8BitDo SN30 Pro Bluetooth Grey Hall Edition Gamepad","Add To Basket","8BitDo SN30 Pro Grey Gamepad","Compare","Quick view","In stock","","Hall Effect Joysticks","Rumble Vibration","Motion Control","Classic D-Pad","USB-C/BT 4.0","Get it Tomorrow, 17 Jul","Tomorrow, 17 Jul","","","99","Key Specifications","","","Get it Tomorrow, 17 Jul","Tomorrow, 17 Jul","","","Get it Tomorrow, 17 Jul","Tomorrow, 17 Jul","","","No customer review","£","https://www.scan.co.uk/images/products/to/3606296.jpg","https://www.scan.co.uk/images/products/xlarge/3606296-xl-a.jpg","https://www.scan.co.uk/images/products/xlarge/3606296-xl-b.jpg","https://www.scan.co.uk/images/manufacturers/8bitdo.gif"
"1784224195-19","https://www.scan.co.uk/shop/computer-hardware/game-controllers/all","8BitDo Pro 2 Black Gamepad, Hall Effect Joysticks, Adjustable Sensitivity, Custom Profiles, Mode Switch, USB-C/BT 4.0","£39.98","LN147692","(1)","8BitDo Pro 2 Bluetooth Black Hall Edition Gamepad","Add To Basket","8BitDo Pro 2 Black Gamepad","Compare","Quick view","In stock","","Hall Effect Joysticks","Adjustable Sensitivity","Custom Profiles","Mode Switch","USB-C/BT 4.0","Get it Tomorrow, 17 Jul","Tomorrow, 17 Jul","","","98","Key Specifications","","","Get it Tomorrow, 17 Jul","Tomorrow, 17 Jul","","","Get it Tomorrow, 17 Jul","Tomorrow, 17 Jul","","Customer Review","","£","https://www.scan.co.uk/images/products/to/3606292.jpg","https://www.scan.co.uk/images/products/xlarge/3606292-xl-a.jpg","https://www.scan.co.uk/images/products/xlarge/3606292-xl-b.jpg","https://www.scan.co.uk/images/manufacturers/8bitdo.gif"
"1784224195-20","https://www.scan.co.uk/shop/computer-hardware/game-controllers/all","8BitDo Pro 2 G-Classic Gamepad, Hall Effect Joysticks, Adjustable Sensitivity, Custom Profiles, Mode Switch,USB-C/BT 4.0","£39.98","LN147694","","8BitDo Pro 2 Bluetooth G-Classic Hall Edition Gamepad","Pre Order","8BitDo Pro 2 G-Classic Gamepad","Compare","Quick view","Pre order","","Hall Effect Joysticks","Adjustable Sensitivity","Custom Profiles","Mode Switch","USB-C/BT 4.0","","","","","98","Key Specifications","","","","","","","","","","","No customer review","£","https://www.scan.co.uk/images/products/to/3606294.jpg","https://www.scan.co.uk/images/products/xlarge/3606294-xl-a.jpg","https://www.scan.co.uk/images/products/xlarge/3606294-xl-b.jpg","https://www.scan.co.uk/images/manufacturers/8bitdo.gif"
"1784224195-21","https://www.scan.co.uk/shop/computer-hardware/game-controllers/all","8BitDo Pro 2 Gray Gamepad, Hall Effect Joysticks, Adjustable Sensitivity, Custom Profiles, Mode Switch, USB-C/BT 4.0","£39.98","LN147693","","8BitDo Pro 2 Bluetooth Gray Hall Edition Gamepad","Add To Basket","8BitDo Pro 2 Gray Gamepad","Compare","Quick view","In stock","","Hall Effect Joysticks","Adjustable Sensitivity","Custom Profiles","Mode Switch","USB-C/BT 4.0","Get it Tomorrow, 17 Jul","Tomorrow, 17 Jul","","","98","Key Specifications","","","Get it Tomorrow, 17 Jul","Tomorrow, 17 Jul","","","Get it Tomorrow, 17 Jul","Tomorrow, 17 Jul","","","No customer review","£","https://www.scan.co.uk/images/products/to/3606293.jpg","https://www.scan.co.uk/images/products/xlarge/3606293-xl-a.jpg","https://www.scan.co.uk/images/products/xlarge/3606293-xl-b.jpg","https://www.scan.co.uk/images/manufacturers/8bitdo.gif"
"1784224195-22","https://www.scan.co.uk/shop/computer-hardware/game-controllers/all","8BitDo Pro2 Controller, White, Xbox/PC, Wired, Hall Effect Joysticks and Triggers, Paddle Buttons, 3.5mm Audio Jack","£39.98","LN154467","","8BitDo Pro 2 White Wired Controller Xbox Hall Effect Edition for Xbox/PC","Add To Basket","8BitDo Pro2 Controller","Compare","Quick view","In stock","","White","Xbox/PC","Wired","Hall Effect Joysticks and Triggers","Paddle Buttons","Get it Tomorrow, 17 Jul","Tomorrow, 17 Jul","","","98","Key Specifications","","3.5mm Audio Jack","Get it Tomorrow, 17 Jul","Tomorrow, 17 Jul","","","Get it Tomorrow, 17 Jul","Tomorrow, 17 Jul","","","No customer review","£","https://www.scan.co.uk/images/products/to/3662513.jpg","https://www.scan.co.uk/images/products/xlarge/3662513-xl-a.jpg","https://www.scan.co.uk/images/products/xlarge/3662513-xl-b.jpg","https://www.scan.co.uk/images/manufacturers/8bitdo.gif"
"1784224195-23","https://www.scan.co.uk/shop/computer-hardware/game-controllers/all","8BitDo Ultimate Wired Controller, Hall Effect Joysticks, Custom Profiles, 2.5m USB Cable, White, Xbox/Windows PC","£39.98","LN147725","(2)","8BitDo Ultimate Wired Controller for PC/Xbox - White","Pre Order","8BitDo Ultimate Wired Controller","Compare","Quick view","Pre order","","Hall Effect Joysticks","Custom Profiles","2.5m USB Cable","White","Xbox/Windows PC","","","","","98","Key Specifications","","","","","","","","","","Customer Review","","£","https://www.scan.co.uk/images/products/to/3608679.jpg","https://www.scan.co.uk/images/products/xlarge/3608679-xl-a.jpg","https://www.scan.co.uk/images/products/xlarge/3608679-xl-b.jpg","https://www.scan.co.uk/images/manufacturers/8bitdo.gif"
"1784224195-24","https://www.scan.co.uk/shop/computer-hardware/game-controllers/all","HORI Wireless HORIPAD Controller, Midnight Black, Analog/Digital Triggers, Capacitive Thumbsticks, Gyro, Bluetooth/Wired","£49.99","LN154322","","HORI Wireless HORIPAD Midnight Black Steam Controller","Pre Order","HORI Wireless HORIPAD Controller","Compare","Quick view","Pre order","","Midnight Black","Analog/Digital Triggers","Capacitive Thumbsticks","Gyro","Bluetooth/Wired","","","","","99","Key Specifications","","","","","","","","","","","No customer review","£","https://www.scan.co.uk/images/products/to/3660819.jpg","https://www.scan.co.uk/images/products/xlarge/3660819-xl-a.jpg","https://www.scan.co.uk/images/products/xlarge/3660819-xl-b.jpg","https://www.scan.co.uk/images/manufacturers/hori.gif"
"1784224195-25","https://www.scan.co.uk/shop/computer-hardware/game-controllers/all","8BitDo Ultimate 2 Wireless Controller, Wireless, Black, Hall Effect, Custom Profiles, Charging Dock, PC / Switch","£54.98","LN128928","(4)","8BitDo Ultimate 2 Wireless Black Bluetooth Controller with Charging Dock for Nintendo Switch","Pre Order","8BitDo Ultimate 2 Wireless Controller","Compare","Quick view","Pre order","","Wireless","Black","Hall Effect","Custom Profiles","Charging Dock","","","","","98","Key Specifications","","PC / Switch","","","","","","","","Customer Review","","£","https://www.scan.co.uk/images/products/to/3454942.jpg","https://www.scan.co.uk/images/products/xlarge/3454942-xl-a.jpg","https://www.scan.co.uk/images/products/xlarge/3454942-xl-b.jpg","https://www.scan.co.uk/images/manufacturers/8bitdo.gif"
"1784224195-26","https://www.scan.co.uk/shop/computer-hardware/game-controllers/all","8BitDo Ultimate 2 Wireless Controller, Wireless, White, Hall Effect, Custom Profiles, Charging Dock, PC / Switch","£54.98","LN128927","(2)","8BitDo Ultimate 2 Wireless White Bluetooth Controller with Charging Dock for Nintendo Switch","Pre Order","8BitDo Ultimate 2 Wireless Controller","Compare","Quick view","Pre order","","Wireless","White","Hall Effect","Custom Profiles","Charging Dock","","","","","98","Key Specifications","","PC / Switch","","","","","","","","Customer Review","","£","https://www.scan.co.uk/images/products/to/3454938.jpg","https://www.scan.co.uk/images/products/xlarge/3454938-xl-a.jpg","https://www.scan.co.uk/images/products/xlarge/3454938-xl-b.jpg","https://www.scan.co.uk/images/manufacturers/8bitdo.gif"
"1784224195-27","https://www.scan.co.uk/shop/computer-hardware/game-controllers/all","8BitDo Arcade Stick, USB-C Wired/Wireless, Dynamic Button Layout, Macro Buttons, 1000Mah rechargeable batte, PC/Switch","£73.99","LN111801","(9)","8Bitdo Arcade Stick for Nintendo Switch & Windows","Pre Order","8BitDo Arcade Stick","Compare","Quick view","Pre order","","USB-C Wired/Wireless","Dynamic Button Layout","Macro Buttons","1000Mah rechargeable batte","PC/Switch","","","","","99","Key Specifications","","","","","","","","","","Customer Review","","£","https://www.scan.co.uk/images/products/to/3237218.jpg","https://www.scan.co.uk/images/products/xlarge/3237218-xl-a.jpg","https://www.scan.co.uk/images/products/xlarge/3237218-xl-b.jpg","https://www.scan.co.uk/images/manufacturers/8bitdo.gif"
"1784224195-28","https://www.scan.co.uk/shop/computer-hardware/game-controllers/all","Thrustmaster HEART Controller, Anti Drift Hall Effect Technology, 64% Faster Mechanical Buttons, For PC and XBOX","£79.99","LN153576","","Thrustmaster HEART Controller for PC and Xbox","Add To Basket","Thrustmaster HEART Controller","Compare","Quick view","In stock","","Anti Drift Hall Effect Technology","64% Faster Mechanical Buttons","For PC and XBOX","","","Get it Tomorrow, 17 Jul","Tomorrow, 17 Jul","","","99","Key Specifications","","","Get it Tomorrow, 17 Jul","Tomorrow, 17 Jul","","","Get it Tomorrow, 17 Jul","Tomorrow, 17 Jul","","","No customer review","£","https://www.scan.co.uk/images/products/to/3649953.jpg","https://www.scan.co.uk/images/products/xlarge/3649953-xl-a.jpg","https://www.scan.co.uk/images/products/xlarge/3649953-xl-b.jpg","https://www.scan.co.uk/images/manufacturers/thrustmaster.gif"
"1784224195-29","https://www.scan.co.uk/shop/computer-hardware/game-controllers/all","Open Box Razer Wolverine V3 Tournament Ed Controller, Mecha Buttons, Razer HyperTrigger, Precision Thumbsticks, Xbox, PC","£89.99","LN153425","","Open Box Razer Wolverine V3 Tournament Edition XBOX/PC Black Wired Esports Controller","Add To Basket","Open Box Razer Wolverine V3 Tournament Ed Controller","Compare","Quick view","In stock","48hr","Mecha Buttons","Razer HyperTrigger","Precision Thumbsticks","Xbox","PC","Get it Tomorrow, 17 Jul","Tomorrow, 17 Jul","Replacement","Refurbished","99","Key Specifications","48hr","","Get it Tomorrow, 17 Jul","Tomorrow, 17 Jul","","","Get it Tomorrow, 17 Jul","Tomorrow, 17 Jul","Replacement","","No customer review","£","https://www.scan.co.uk/images/products/to/3649039.jpg","https://www.scan.co.uk/images/products/xlarge/3649039-xl-a.jpg","https://www.scan.co.uk/images/products/xlarge/3649039-xl-b.jpg","https://www.scan.co.uk/images/manufacturers/razer-logo.gif"
"1784224195-30","https://www.scan.co.uk/shop/computer-hardware/game-controllers/all","Razer Wolverine V3 Tournament Ed Controller, White, Mecha-Tactile Buttons, Razer HyperTrigger, Hall Effect, XBOX/PC","£92.99","LN156325","(1)","Razer Wolverine V3 Tournament Edition XBOX/PC White Wired Esports Controller","Add To Basket","Razer Wolverine V3 Tournament Ed Controller","Compare","Quick view","In stock","48hr","White","Mecha-Tactile Buttons","Razer HyperTrigger","Hall Effect","XBOX/PC","Get it Tomorrow, 17 Jul","Tomorrow, 17 Jul","Replacement","","99","Key Specifications","48hr","","Get it Tomorrow, 17 Jul","Tomorrow, 17 Jul","","","Get it Tomorrow, 17 Jul","Tomorrow, 17 Jul","Replacement","Customer Review","","£","https://www.scan.co.uk/images/products/to/3676608.jpg","https://www.scan.co.uk/images/products/xlarge/3676608-xl-a.jpg","https://www.scan.co.uk/images/products/xlarge/3676608-xl-b.jpg","https://www.scan.co.uk/images/manufacturers/razer-logo.gif"
"1784224195-31","https://www.scan.co.uk/shop/computer-hardware/game-controllers/all","Razer Wolverine V3 Tournament Ed 8K Controller, Mecha-Tactile Buttons, Razer Pro HyperTrigger, TMR Thumbsticks, PC","£99.98","LN167372","","Razer Wolverine V3 Tournament Edition 8K PC Black Wired Esports Controller","Pre Order","Razer Wolverine V3 Tournament Ed 8K Controller","Compare","Quick view","Pre order","48hr","Mecha-Tactile Buttons","Razer Pro HyperTrigger","TMR Thumbsticks","PC","","","","Replacement","","98","Key Specifications","48hr","","","","PayPal Credit options available","PAYPAL","","","Replacement","","No customer review","£","https://www.scan.co.uk/images/products/to/3775603.jpg","https://www.scan.co.uk/images/products/xlarge/3775603-xl-a.jpg","https://www.scan.co.uk/images/products/xlarge/3775603-xl-b.jpg","https://www.scan.co.uk/images/manufacturers/razer-logo.gif"
"1784224195-32","https://www.scan.co.uk/shop/computer-hardware/game-controllers/all","Refurbished Thrustmaster ESWAP X2, Esports, Pro Gaming, Xbox Series X, Macro Functions, Hot Swap Modules","£109.99","LN157842","","Refurbished Thrustmaster ESWAP X2 Pro Controller for Xbox Series X","Add To Basket","Refurbished Thrustmaster ESWAP X2","Compare","Quick view","In stock","","Esports","Pro Gaming","Xbox Series X","Macro Functions","Hot Swap Modules","Get it Tomorrow, 17 Jul","Tomorrow, 17 Jul","","Refurbished","99","Key Specifications","","","Get it Tomorrow, 17 Jul","Tomorrow, 17 Jul","PayPal Credit options available","PAYPAL","Get it Tomorrow, 17 Jul","Tomorrow, 17 Jul","","","No customer review","£","https://www.scan.co.uk/images/products/to/3690842.jpg","https://www.scan.co.uk/images/products/xlarge/3690842-xl-a.jpg","https://www.scan.co.uk/images/products/xlarge/3690842-xl-b.jpg","https://www.scan.co.uk/images/manufacturers/thrustmaster.gif"
"1784224195-33","https://www.scan.co.uk/shop/computer-hardware/game-controllers/all","SCUF ENVISION (2025) Wired Gaming Controller, Black, 11 Remappable Buttons, Adjustable Triggers, PC","£119.99","LN166099","","SCUF ENVISION (2025) Wired Gaming Controller for PC - Black","Pre Order","SCUF ENVISION (2025) Wired Gaming Controller","Compare","Quick view","Pre order","","Black","11 Remappable Buttons","Adjustable Triggers","PC","","","","","","99","Key Specifications","","","","","PayPal Credit options available","PAYPAL","","","","","No customer review","£","https://www.scan.co.uk/images/products/to/3760810.jpg","https://www.scan.co.uk/images/products/xlarge/3760810-xl-a.jpg","https://www.scan.co.uk/images/products/xlarge/3760810-xl-b.jpg","https://www.scan.co.uk/images/manufacturers/Scuf.gif"
"1784224195-34","https://www.scan.co.uk/shop/computer-hardware/game-controllers/all","Microsoft Xbox Elite Wireless Controller Series 2 PC/XBOX","£149.99","LN103470","(7)","Elite Wireless Controller Series 2 Joypad","Pre Order","Microsoft Xbox Elite Wireless Controller Series 2 PC/XBOX","Compare","Quick view","Pre order","","","","","","","","","","","99","Key Specifications","","","","","PayPal Credit options available","PAYPAL","","","","Customer Review","","£","https://www.scan.co.uk/images/products/to/3121555.jpg","https://www.scan.co.uk/images/products/xlarge/3121555-xl-a.jpg","https://www.scan.co.uk/images/products/xlarge/3121555-xl-b.jpg","https://www.scan.co.uk/images/manufacturers/Microsoft-Logo.gif"
"1784224195-35","https://www.scan.co.uk/shop/computer-hardware/game-controllers/all","Open Box Razer Wolverine V2 Pro Wireless Gamepad, Mecha-Tactile Buttons, HyperTrigger, Microswitch D-Pad, PlayStation","£149.99","LN154229","","Razer Wolverine V2 PS5/PC Black Wireless Open Box Controller","Add To Basket","Open Box Razer Wolverine V2 Pro Wireless Gamepad","Compare","Quick view","In stock","48hr","Mecha-Tactile Buttons","HyperTrigger","Microswitch D-Pad","PlayStation","","Get it Tomorrow, 17 Jul","Tomorrow, 17 Jul","Replacement","Refurbished","99","Key Specifications","48hr","","Get it Tomorrow, 17 Jul","Tomorrow, 17 Jul","PayPal Credit options available","PAYPAL","Get it Tomorrow, 17 Jul","Tomorrow, 17 Jul","Replacement","","No customer review","£","https://www.scan.co.uk/images/products/to/3659728.jpg","https://www.scan.co.uk/images/products/xlarge/3659728-xl-a.jpg","https://www.scan.co.uk/images/products/xlarge/3659728-xl-b.jpg","https://www.scan.co.uk/images/manufacturers/razer-logo.gif"
"1784224195-36","https://www.scan.co.uk/shop/computer-hardware/game-controllers/all","Thrustmaster ESWAP XR PRO CONTROLLER FORZA HORIZON 5 EDITION, Modular Wired Gamepad, Racing Wheel Module, Xbox Series X|","£149.99","LN133518","(2)","Thrustmaster eSwap XR Pro Controller Forza Horizon 5 Edition Wired Gamepad Controller","Add To Basket","Thrustmaster ESWAP XR PRO CONTROLLER FORZA HORIZON 5 EDITION","Compare","Quick view","In stock","","Modular Wired Gamepad","Racing Wheel Module","Xbox Series X|","","","Get it Tomorrow, 17 Jul","Tomorrow, 17 Jul","","","99","Key Specifications","","","Get it Tomorrow, 17 Jul","Tomorrow, 17 Jul","PayPal Credit options available","PAYPAL","Get it Tomorrow, 17 Jul","Tomorrow, 17 Jul","","Customer Review","","£","https://www.scan.co.uk/images/products/to/3496089.jpg","https://www.scan.co.uk/images/products/xlarge/3496089-xl-a.jpg","https://www.scan.co.uk/images/products/xlarge/3496089-xl-b.jpg","https://www.scan.co.uk/images/manufacturers/thrustmaster.gif"
"1784224195-37","https://www.scan.co.uk/shop/computer-hardware/game-controllers/all","Razer Wolverine V3 Pro Controller, Mecha-Tactile PBT Buttons, Razer Pro HyperTrigger, TMR Thumbsticks, Carrying Case, PC","£169.99","LN167371","","Razer Wolverine V3 Pro 8K PC Black Wired Esports Controller","Add To Basket","Razer Wolverine V3 Pro Controller","Compare","Quick view","In stock","48hr","Mecha-Tactile PBT Buttons","Razer Pro HyperTrigger","TMR Thumbsticks","Carrying Case","PC","Get it Tomorrow, 17 Jul","Tomorrow, 17 Jul","Replacement","","99","Key Specifications","48hr","","Get it Tomorrow, 17 Jul","Tomorrow, 17 Jul","PayPal Credit options available","PAYPAL","Get it Tomorrow, 17 Jul","Tomorrow, 17 Jul","Replacement","","No customer review","£","https://www.scan.co.uk/images/products/to/3775601.jpg","https://www.scan.co.uk/images/products/xlarge/3775601-xl-a.jpg","https://www.scan.co.uk/images/products/xlarge/3775601-xl-b.jpg","https://www.scan.co.uk/images/manufacturers/razer-logo.gif"
"1784224195-38","https://www.scan.co.uk/shop/computer-hardware/game-controllers/all","SCUF ENVISION PRO Wireless Gaming Controller, Steel-Grey, 11 Remappable Buttons, Adjustable Triggers, PC","£169.99","LN165858","","SCUF ENVISION PRO Wireless Gaming Controller for PC - Steel Grey","Add To Basket","SCUF ENVISION PRO Wireless Gaming Controller","Compare","Quick view","In stock","","Steel-Grey","11 Remappable Buttons","Adjustable Triggers","PC","","Get it Tomorrow, 17 Jul","Tomorrow, 17 Jul","","","99","Key Specifications","","","Get it Tomorrow, 17 Jul","Tomorrow, 17 Jul","PayPal Credit options available","PAYPAL","Get it Tomorrow, 17 Jul","Tomorrow, 17 Jul","","","No customer review","£","https://www.scan.co.uk/images/products/to/3758902.jpg","https://www.scan.co.uk/images/products/xlarge/3758902-xl-a.jpg","https://www.scan.co.uk/images/products/xlarge/3758902-xl-b.jpg","https://www.scan.co.uk/images/manufacturers/Scuf.gif"
"1784224195-39","https://www.scan.co.uk/shop/computer-hardware/game-controllers/all","SCUF ENVISION PRO Wireless Gaming Controller, White, 11 Remappable Buttons, Adjustable Triggers","£169.99","LN165859","","SCUF ENVISION PRO Wireless Gaming Controller for PC - White","Add To Basket","SCUF ENVISION PRO Wireless Gaming Controller","Compare","Quick view","In stock","","White","11 Remappable Buttons","Adjustable Triggers","","","Get it Tomorrow, 17 Jul","Tomorrow, 17 Jul","","","99","Key Specifications","","","Get it Tomorrow, 17 Jul","Tomorrow, 17 Jul","PayPal Credit options available","PAYPAL","Get it Tomorrow, 17 Jul","Tomorrow, 17 Jul","","","No customer review","£","https://www.scan.co.uk/images/products/to/3758903.jpg","https://www.scan.co.uk/images/products/xlarge/3758903-xl-a.jpg","https://www.scan.co.uk/images/products/xlarge/3758903-xl-b.jpg","https://www.scan.co.uk/images/manufacturers/Scuf.gif"
"1784224195-40","https://www.scan.co.uk/shop/computer-hardware/game-controllers/all","ASUS ROG Raikiri II Xbox Wireless Controller, Micro-Switch Buttons, Dual-Mode Triggers, TMR Thumbsticks, 2.4GHz / BT","£199.99","LN168900","(3)","ASUS ROG Raikiri II Xbox Certified Wireless Controller","Add To Basket","ASUS ROG Raikiri II Xbox Wireless Controller","Compare","Quick view","In stock","48hr","Micro-Switch Buttons","Dual-Mode Triggers","TMR Thumbsticks","2.4GHz / BT","","Get it Tomorrow, 17 Jul","Tomorrow, 17 Jul","Replacement","","99","Key Specifications","48hr","","Get it Tomorrow, 17 Jul","Tomorrow, 17 Jul","PayPal Credit options available","PAYPAL","Get it Tomorrow, 17 Jul","Tomorrow, 17 Jul","Replacement","Customer Review","","£","https://www.scan.co.uk/images/products/to/3786888.jpg","https://www.scan.co.uk/images/products/xlarge/3786888-xl-a.jpg","https://www.scan.co.uk/images/products/xlarge/3786888-xl-b.jpg","https://www.scan.co.uk/images/manufacturers/ASUS2017.gif"
"1784224195-41","https://www.scan.co.uk/shop/computer-hardware/game-controllers/all","Razer Raiju V3 Pro PS5 Controller, Mecha-Tactile PBT Buttons, Razer Pro HyperTrigger, TMR Thumbsticks, Razer HyperSpeed","£199.99","LN167373","","Razer Raiju V3 Pro Playstation 5 / PC White Wireless Controller","Pre Order","Razer Raiju V3 Pro PS5 Controller","Compare","Quick view","Pre order","48hr","Mecha-Tactile PBT Buttons","Razer Pro HyperTrigger","TMR Thumbsticks","Razer HyperSpeed","","","","Replacement","","99","Key Specifications","48hr","","","","PayPal Credit options available","PAYPAL","","","Replacement","","No customer review","£","https://www.scan.co.uk/images/products/to/3775611.jpg","https://www.scan.co.uk/images/products/xlarge/3775611-xl-a.jpg","https://www.scan.co.uk/images/products/xlarge/3775611-xl-b.jpg","https://www.scan.co.uk/images/manufacturers/razer-logo.gif"
"1784224195-42","https://www.scan.co.uk/shop/computer-hardware/game-controllers/all","SCUF Omega Wireless Gaming Controller, Steel-Grey, 11 Remappable Buttons, Adjustable Triggers, TMR Thumbsticks, PC/PS5","£209.99","LN172616","","SCUF Omega Wireless Performance Controller for PS5 & PC - Steel Grey","Pre Order","SCUF Omega Wireless Gaming Controller","Compare","Quick view","Due 23rd Jul","","Steel-Grey","11 Remappable Buttons","Adjustable Triggers","TMR Thumbsticks","PC/PS5","","","","New","99","Key Specifications","","","","","PayPal Credit options available","PAYPAL","","","","","No customer review","£","https://www.scan.co.uk/images/products/to/3818076.jpg","https://www.scan.co.uk/images/products/xlarge/3818076-xl-a.jpg","https://www.scan.co.uk/images/products/xlarge/3818076-xl-b.jpg","https://www.scan.co.uk/images/manufacturers/Scuf.gif"
"1784224195-43","https://www.scan.co.uk/shop/computer-hardware/game-controllers/all","SCUF Omega Wireless Gaming Controller, White, 11 Remappable Buttons, Adjustable Triggers, TMR Thumbsticks, PC/PS5","£209.99","LN172619","","SCUF Omega Wireless Performance Controller for PS5 & PC - White","Add To Basket","SCUF Omega Wireless Gaming Controller","Compare","Quick view","In stock","","White","11 Remappable Buttons","Adjustable Triggers","TMR Thumbsticks","PC/PS5","Get it Tomorrow, 17 Jul","Tomorrow, 17 Jul","","New","99","Key Specifications","","","Get it Tomorrow, 17 Jul","Tomorrow, 17 Jul","PayPal Credit options available","PAYPAL","Get it Tomorrow, 17 Jul","Tomorrow, 17 Jul","","","No customer review","£","https://www.scan.co.uk/images/products/to/3818079.jpg","https://www.scan.co.uk/images/products/xlarge/3818079-xl-a.jpg","https://www.scan.co.uk/images/products/xlarge/3818079-xl-b.jpg","https://www.scan.co.uk/images/manufacturers/Scuf.gif"
