web_scraper_order,web_scraper_start_url,pagination,name,rating,price,bd_write,data,dvd,data2,dvd_write,cd_write,name3,price2,dvd2,bd_write2,dvd_write2,cd_write2,data3,data4,name2,name4
"1784223759-1","https://uk.pcpartpicker.com/products/optical-drive/","","Lite-On iHAS124-14","(108)","£54.67Add","BD Write","BD","DVD16","CD48","DVD Write24/8/8/24/6/8/5","CD Write48/24","(108)","Add","DVD","BD Write","DVD Write","CD Write","BD","CD","https://cdna.pcpartpicker.com/static/forever/images/product/1c0c6739ed6544996749709d5555442a.med.256p.jpg","https://cdna.pcpartpicker.com/static/forever/images/product/1c0c6739ed6544996749709d5555442a.med.256p.jpg"
"1784223759-2","https://uk.pcpartpicker.com/products/optical-drive/","","LG WH14NS40","(168)","Add","BD Write14/12/2/2","BD12","DVD16","CD48","DVD Write16/8/8/16/6/8/5","CD Write48/24","(168)","Add","DVD","BD Write","DVD Write","CD Write","BD","CD","https://cdna.pcpartpicker.com/static/forever/images/product/f01ff4c3a2b299c6c8ee623bab52413b.256p.jpg","https://cdna.pcpartpicker.com/static/forever/images/product/f01ff4c3a2b299c6c8ee623bab52413b.256p.jpg"
"1784223759-3","https://uk.pcpartpicker.com/products/optical-drive/","","LG GH24NSD5","(4)","£29.50Add","BD Write","BD","DVD16","CD48","DVD Write24/8/12/8/6/12/12","CD Write48/24","(4)","Add","DVD","BD Write","DVD Write","CD Write","BD","CD","https://cdna.pcpartpicker.com/static/forever/images/product/ee4cd07587af9f2e4deb310a780677ea.256p.jpg","https://cdna.pcpartpicker.com/static/forever/images/product/ee4cd07587af9f2e4deb310a780677ea.256p.jpg"
"1784223759-4","https://uk.pcpartpicker.com/products/optical-drive/","","Plextor PX-891SAF","(0)","£101.57Add","BD Write","BD","DVD16","CD48","DVD Write24/8/12/24/6/12/12","CD Write48/32","(0)","Add","DVD","BD Write","DVD Write","CD Write","BD","CD","https://m.media-amazon.com/images/I/31liZUVKCwL.jpg","https://m.media-amazon.com/images/I/31liZUVKCwL.jpg"
"1784223759-5","https://uk.pcpartpicker.com/products/optical-drive/","","Asus BW-16D1HT","(34)","Add","BD Write16/12/2/2","BD12","DVD16","CD48","DVD Write16/8/8/16/6/8/5","CD Write48/24","(34)","Add","DVD","BD Write","DVD Write","CD Write","BD","CD","https://cdna.pcpartpicker.com/static/forever/images/product/84369136093ebb9b87331107edd2b211.256p.jpg","https://cdna.pcpartpicker.com/static/forever/images/product/84369136093ebb9b87331107edd2b211.256p.jpg"
"1784223759-6","https://uk.pcpartpicker.com/products/optical-drive/","","Asus DRW-24B1ST/BLK/B/AS","(934)","Add","BD Write","BD","DVD16","CD48","DVD Write24/8/12/24/6/12/12","CD Write48/32","(934)","Add","DVD","BD Write","DVD Write","CD Write","BD","CD","https://cdna.pcpartpicker.com/static/forever/images/product/6f533c54d93b7bd4228c572edab0748c.256p.jpg","https://cdna.pcpartpicker.com/static/forever/images/product/6f533c54d93b7bd4228c572edab0748c.256p.jpg"
"1784223759-7","https://uk.pcpartpicker.com/products/optical-drive/","","Asus BW-14D1XT","(3)","£355.84Add","BD Write14/12/2/2","BD12","DVD16","CD48","DVD Write16/8/8/16/6/8/5","CD Write48/24","(3)","Add","DVD","BD Write","DVD Write","CD Write","BD","CD","https://m.media-amazon.com/images/I/31zm-Q36laL.jpg","https://m.media-amazon.com/images/I/31zm-Q36laL.jpg"
"1784223759-8","https://uk.pcpartpicker.com/products/optical-drive/","","Silverstone TOB04","(0)","Add","BD Write6/6/6/4","BD6","DVD8","CD24","DVD Write8/8/8/8/8/8/8","CD Write24/24","(0)","Add","DVD","BD Write","DVD Write","CD Write","BD","CD","https://cdna.pcpartpicker.com/static/forever/images/product/3b145455724206a79efa94f828d8c77f.256p.jpg","https://cdna.pcpartpicker.com/static/forever/images/product/3b145455724206a79efa94f828d8c77f.256p.jpg"
"1784223759-9","https://uk.pcpartpicker.com/products/optical-drive/","","LG WH16NS40","(62)","Add","BD Write16/12/2/2","BD12","DVD16","CD48","DVD Write16/8/8/16/6/8/5","CD Write48/24","(62)","Add","DVD","BD Write","DVD Write","CD Write","BD","CD","https://m.media-amazon.com/images/I/31MwMD20rxL.jpg","https://m.media-amazon.com/images/I/31MwMD20rxL.jpg"
"1784223759-10","https://uk.pcpartpicker.com/products/optical-drive/","","Pioneer BDR-212DBK","(1)","Add","BD Write16/14/2/2","BD","DVD","CD","DVD Write16/8/8/16/6/8/5","CD Write40/24","(1)","Add","DVD","BD Write","DVD Write","CD Write","BD","CD","https://cdna.pcpartpicker.com/static/forever/images/product/7b613943a786696c861cbddfb6417b50.256p.jpg","https://cdna.pcpartpicker.com/static/forever/images/product/7b613943a786696c861cbddfb6417b50.256p.jpg"
"1784223759-11","https://uk.pcpartpicker.com/products/optical-drive/","","LG WH16NS60","(4)","Add","BD Write16/12/-/-","BD","DVD","CD","DVD Write-/-/-/-/-/-/5","CD Write48/24","(4)","Add","DVD","BD Write","DVD Write","CD Write","BD","CD","https://cdna.pcpartpicker.com/static/forever/images/product/61fc99a0c56fdde1947feaf47a43b663.256p.jpg","https://cdna.pcpartpicker.com/static/forever/images/product/61fc99a0c56fdde1947feaf47a43b663.256p.jpg"
"1784223759-12","https://uk.pcpartpicker.com/products/optical-drive/","","Pioneer BDR-S12XLT","(0)","Add","BD Write16/14/2/2","BD16","DVD16","CD40","DVD Write16/8/8/16/6/8/5","CD Write40/24","(0)","Add","DVD","BD Write","DVD Write","CD Write","BD","CD","https://uk.pcpartpicker.com/static/forever/img/no-image.png",""
"1784223759-13","https://uk.pcpartpicker.com/products/optical-drive/","","Pioneer BDR-209DBK","(40)","Add","BD Write16/14/2/2","BD12","DVD16","CD40","DVD Write16/8/8/16/6/8/-","CD Write40/24","(40)","Add","DVD","BD Write","DVD Write","CD Write","BD","CD","https://cdna.pcpartpicker.com/static/forever/images/product/8c6cd79b52ef1c6f8eb2b5209e80bb27.256p.jpg","https://cdna.pcpartpicker.com/static/forever/images/product/8c6cd79b52ef1c6f8eb2b5209e80bb27.256p.jpg"
"1784223759-14","https://uk.pcpartpicker.com/products/optical-drive/","","HP QS208AA","(6)","Add","BD Write","BD","DVD16","CD48","DVD Write16/8/8/-/6/8/-","CD Write48/32","(6)","Add","DVD","BD Write","DVD Write","CD Write","BD","CD","https://cdna.pcpartpicker.com/static/forever/images/product/cd7785e58f68a8fe82aba50968bb9859.256p.jpg","https://cdna.pcpartpicker.com/static/forever/images/product/cd7785e58f68a8fe82aba50968bb9859.256p.jpg"
"1784223759-15","https://uk.pcpartpicker.com/products/optical-drive/","","LG GTB0N","(0)","Add","BD Write","BD","DVD8","CD24","DVD Write8/6/6/8/6/6/5","CD Write24/24","(0)","Add","DVD","BD Write","DVD Write","CD Write","BD","CD","https://m.media-amazon.com/images/I/31b+snyOmcL.jpg","https://m.media-amazon.com/images/I/31b+snyOmcL.jpg"
"1784223759-16","https://uk.pcpartpicker.com/products/optical-drive/","","LG GH24NSD1","(13)","Add","BD Write","BD","DVD16","CD48","DVD Write24/8/16/24/6/12/12","CD Write48/32","(13)","Add","DVD","BD Write","DVD Write","CD Write","BD","CD","https://cdna.pcpartpicker.com/static/forever/images/product/c210b881597668e190fa0744bd73119b.256p.jpg","https://cdna.pcpartpicker.com/static/forever/images/product/c210b881597668e190fa0744bd73119b.256p.jpg"
"1784223759-17","https://uk.pcpartpicker.com/products/optical-drive/","","Panasonic UJ-265","(3)","Add","BD Write6/6/-/-","BD6","DVD8","CD24","DVD Write8/8/6/8/8/6/-","CD Write24/16","(3)","Add","DVD","BD Write","DVD Write","CD Write","BD","CD","https://m.media-amazon.com/images/I/41TkQKkGfaL.jpg","https://m.media-amazon.com/images/I/41TkQKkGfaL.jpg"
"1784223759-18","https://uk.pcpartpicker.com/products/optical-drive/","","Asus DRW-24F1ST","(148)","Add","BD Write","BD","DVD16","CD48","DVD Write24/8/8/24/6/8/5","CD Write48/24","(148)","Add","DVD","BD Write","DVD Write","CD Write","BD","CD","https://cdna.pcpartpicker.com/static/forever/images/product/e705f32ef0def6cd23e9773e5502e189.256p.jpg","https://cdna.pcpartpicker.com/static/forever/images/product/e705f32ef0def6cd23e9773e5502e189.256p.jpg"
"1784223759-19","https://uk.pcpartpicker.com/products/optical-drive/","","Pioneer BDR-211UBK","(0)","Add","BD Write16/14/2/2","BD12","DVD16","CD40","DVD Write16/8/8/16/6/8/5","CD Write40/24","(0)","Add","DVD","BD Write","DVD Write","CD Write","BD","CD","https://cdna.pcpartpicker.com/static/forever/images/product/b689802f6793c593b3f99be46a48531f.256p.jpg","https://cdna.pcpartpicker.com/static/forever/images/product/b689802f6793c593b3f99be46a48531f.256p.jpg"
"1784223759-20","https://uk.pcpartpicker.com/products/optical-drive/","","Asus BC-12D2HT","(8)","Add","BD Write12/8/8/6","BD","DVD","CD","DVD Write16/8/8/6/12/8/5","CD Write48/24","(8)","Add","DVD","BD Write","DVD Write","CD Write","BD","CD","https://cdna.pcpartpicker.com/static/forever/images/product/e4e9d271107c7a4ea812d825454ec64c.256p.jpg","https://cdna.pcpartpicker.com/static/forever/images/product/e4e9d271107c7a4ea812d825454ec64c.256p.jpg"
"1784223759-21","https://uk.pcpartpicker.com/products/optical-drive/","","Pioneer BDR-S13UBK","(1)","Add","BD Write16/14/2/2","BD12","DVD16","CD48","DVD Write","CD Write48/40","(1)","Add","DVD","BD Write","DVD Write","CD Write","BD","CD","https://cdna.pcpartpicker.com/static/forever/images/product/f5c85d7a7872db7e78308b9dc1597fd1.256p.jpg","https://cdna.pcpartpicker.com/static/forever/images/product/f5c85d7a7872db7e78308b9dc1597fd1.256p.jpg"
"1784223759-22","https://uk.pcpartpicker.com/products/optical-drive/","","LG BU40N","(1)","Add","BD Write6/6/2/6","BD","DVD","CD","DVD Write8/8/6/8/6/6/5","CD Write24/16","(1)","Add","DVD","BD Write","DVD Write","CD Write","BD","CD","https://cdna.pcpartpicker.com/static/forever/images/product/1e666affd5018e87920154a7b454f3d6.256p.jpg","https://cdna.pcpartpicker.com/static/forever/images/product/1e666affd5018e87920154a7b454f3d6.256p.jpg"
"1784223759-23","https://uk.pcpartpicker.com/products/optical-drive/","","LG BH12LS38","(0)","Add","BD Write12/12/2/2","BD12","DVD16","CD48","DVD Write16/8/8/16/6/8/12","CD Write48/24","(0)","Add","DVD","BD Write","DVD Write","CD Write","BD","CD","https://m.media-amazon.com/images/I/31SOmHyyMBL.jpg","https://m.media-amazon.com/images/I/31SOmHyyMBL.jpg"
"1784223759-24","https://uk.pcpartpicker.com/products/optical-drive/","","LG GH24NSB0","(187)","Add","BD Write","BD","DVD16","CD48","DVD Write24/8/8/24/6/8/5","CD Write48/24","(187)","Add","DVD","BD Write","DVD Write","CD Write","BD","CD","https://m.media-amazon.com/images/I/31WMgvt2orL.jpg","https://m.media-amazon.com/images/I/31WMgvt2orL.jpg"
"1784223759-25","https://uk.pcpartpicker.com/products/optical-drive/","","Asus BC-12B1ST/BLK/B/AS","(99)","Add","BD Write","BD12","DVD16","CD48","DVD Write16/8/8/16/6/8/12","CD Write48/24","(99)","Add","DVD","BD Write","DVD Write","CD Write","BD","CD","https://cdna.pcpartpicker.com/static/forever/images/product/03a876662b3c8953dc45962b027c466b.256p.jpg","https://cdna.pcpartpicker.com/static/forever/images/product/03a876662b3c8953dc45962b027c466b.256p.jpg"
"1784223759-26","https://uk.pcpartpicker.com/products/optical-drive/","","Lite-On iHAS124-04","(278)","Add","BD Write","BD","DVD16","CD48","DVD Write24/8/8/24/6/-/12","CD Write48/32","(278)","Add","DVD","BD Write","DVD Write","CD Write","BD","CD","https://m.media-amazon.com/images/I/31V9+HnKAuL.jpg","https://m.media-amazon.com/images/I/31V9+HnKAuL.jpg"
"1784223759-27","https://uk.pcpartpicker.com/products/optical-drive/","","Asus BW-12B1ST/BLK/G/AS","(88)","Add","BD Write12/4/2/2","BD8","DVD16","CD48","DVD Write16/8/8/16/6/8/12","CD Write48/24","(88)","Add","DVD","BD Write","DVD Write","CD Write","BD","CD","https://m.media-amazon.com/images/I/41-hwnFVitL.jpg","https://m.media-amazon.com/images/I/41-hwnFVitL.jpg"
"1784223759-28","https://uk.pcpartpicker.com/products/optical-drive/","","Asus DRW-24D5MT","(24)","£39.95Add","BD Write","BD","DVD16","CD48","DVD Write16/13/12/16/8/12/5","CD Write48/40","(24)","Add","DVD","BD Write","DVD Write","CD Write","BD","CD","https://cdna.pcpartpicker.com/static/forever/images/product/dc969f6e1ecf57495d250df2def9d027.256p.jpg","https://cdna.pcpartpicker.com/static/forever/images/product/dc969f6e1ecf57495d250df2def9d027.256p.jpg"
"1784223759-29","https://uk.pcpartpicker.com/products/optical-drive/","","LG BH16NS40","(27)","Add","BD Write16/12/2/-","BD12","DVD16","CD48","DVD Write16/8/8/16/6/8/5","CD Write48/24","(27)","Add","DVD","BD Write","DVD Write","CD Write","BD","CD","https://cdna.pcpartpicker.com/static/forever/images/product/d0152119d2618d6ea1662eafa763e9f1.256p.jpg","https://cdna.pcpartpicker.com/static/forever/images/product/d0152119d2618d6ea1662eafa763e9f1.256p.jpg"
"1784223759-30","https://uk.pcpartpicker.com/products/optical-drive/","","Sony BD-5300S","(3)","Add","BD Write12/8/2/2","BD8","DVD16","CD48","DVD Write16/8/8/16/6/8/12","CD Write48/24","(3)","Add","DVD","BD Write","DVD Write","CD Write","BD","CD","https://images-na.ssl-images-amazon.com/images/I/11imFrwetgL.jpg","https://images-na.ssl-images-amazon.com/images/I/11imFrwetgL.jpg"
"1784223759-31","https://uk.pcpartpicker.com/products/optical-drive/","","LG GS40N","(4)","Add","BD Write","BD","DVD8","CD24","DVD Write8/8/6/8/6/6/5","CD Write24/16","(4)","Add","DVD","BD Write","DVD Write","CD Write","BD","CD","https://cdna.pcpartpicker.com/static/forever/images/product/3e7085ac26a034deb88fdd6a014d8cda.256p.jpg","https://cdna.pcpartpicker.com/static/forever/images/product/3e7085ac26a034deb88fdd6a014d8cda.256p.jpg"
"1784223759-32","https://uk.pcpartpicker.com/products/optical-drive/","","Pioneer DVR-216D","(0)","Add","BD Write","BD","DVD16","CD40","DVD Write20/8/12/20/32/12/-","CD Write40/32","(0)","Add","DVD","BD Write","DVD Write","CD Write","BD","CD","https://uk.pcpartpicker.com/static/forever/img/no-image.png",""
"1784223759-33","https://uk.pcpartpicker.com/products/optical-drive/","","LG GUD0N","(0)","£26.95Add","BD Write","BD","DVD","CD","DVD Write8/6/6/8/6/6/5","CD Write24/24","(0)","Add","DVD","BD Write","DVD Write","CD Write","BD","CD","https://m.media-amazon.com/images/I/41XF+sto9-L.jpg","https://m.media-amazon.com/images/I/41XF+sto9-L.jpg"
"1784223759-34","https://uk.pcpartpicker.com/products/optical-drive/","","Lite-On DS-8ABSH-01","(1)","£33.90Add","BD Write","BD","DVD8","CD24","DVD Write8/8/6/8/6/6/5","CD Write24/24","(1)","Add","DVD","BD Write","DVD Write","CD Write","BD","CD","https://cdna.pcpartpicker.com/static/forever/images/product/05ff9e8b515a962a6d35fbf051c0bb47.256p.jpg","https://cdna.pcpartpicker.com/static/forever/images/product/05ff9e8b515a962a6d35fbf051c0bb47.256p.jpg"
"1784223759-35","https://uk.pcpartpicker.com/products/optical-drive/","","LG GH24NSC0","(21)","Add","BD Write","BD","DVD16","CD48","DVD Write24/8/8/24/6/8/5","CD Write48/24","(21)","Add","DVD","BD Write","DVD Write","CD Write","BD","CD","https://cdna.pcpartpicker.com/static/forever/images/product/a94dc2fa2fa957dabb2201dee9911def.256p.jpg","https://cdna.pcpartpicker.com/static/forever/images/product/a94dc2fa2fa957dabb2201dee9911def.256p.jpg"
"1784223759-36","https://uk.pcpartpicker.com/products/optical-drive/","","Lite-On DS-8A8SH","(2)","Add","BD Write","BD","DVD8","CD24","DVD Write8/8/6/8/6/6/5","CD Write24/24","(2)","Add","DVD","BD Write","DVD Write","CD Write","BD","CD","https://m.media-amazon.com/images/I/4146elboREL.jpg","https://m.media-amazon.com/images/I/4146elboREL.jpg"
"1784223759-37","https://uk.pcpartpicker.com/products/optical-drive/","","Asus DRW-24B3ST/BLK/G/AS","(53)","Add","BD Write","BD","DVD16","CD48","DVD Write24/8/12/24/6/12/12","CD Write48/24","(53)","Add","DVD","BD Write","DVD Write","CD Write","BD","CD","https://m.media-amazon.com/images/I/51yFFH8NiqL.jpg","https://m.media-amazon.com/images/I/51yFFH8NiqL.jpg"
"1784223759-38","https://uk.pcpartpicker.com/products/optical-drive/","","LG BH12LS35","(1)","Add","BD Write12/12/2/2","BD","DVD","CD","DVD Write16/12/12/16/12/12/12","CD Write48/24","(1)","Add","DVD","BD Write","DVD Write","CD Write","BD","CD","https://m.media-amazon.com/images/I/21mXWjnD88L.jpg","https://m.media-amazon.com/images/I/21mXWjnD88L.jpg"
"1784223759-39","https://uk.pcpartpicker.com/products/optical-drive/","","Silverstone SOB03","(0)","Add","BD Write6/6/2/2","BD6","DVD8","CD24","DVD Write8/8/4/8/6/4/5","CD Write24/10","(0)","Add","DVD","BD Write","DVD Write","CD Write","BD","CD","https://cdna.pcpartpicker.com/static/forever/images/product/f5c7e3f0977e85b06951f0b9245f93b4.256p.jpg","https://cdna.pcpartpicker.com/static/forever/images/product/f5c7e3f0977e85b06951f0b9245f93b4.256p.jpg"
"1784223759-40","https://uk.pcpartpicker.com/products/optical-drive/","","Lite-On DH-16AFSH","(2)","£42.99Add","BD Write","BD","DVD","CD","DVD Write16/8/8/16/6/8/-","CD Write48/24","(2)","Add","DVD","BD Write","DVD Write","CD Write","BD","CD","https://m.media-amazon.com/images/I/41N9nHznLYL.jpg","https://m.media-amazon.com/images/I/41N9nHznLYL.jpg"
"1784223759-41","https://uk.pcpartpicker.com/products/optical-drive/","","Samsung SH-222AB","(9)","Add","BD Write","BD","DVD16","CD48","DVD Write22/8/16/22/6/12/12","CD Write48/24","(9)","Add","DVD","BD Write","DVD Write","CD Write","BD","CD","https://m.media-amazon.com/images/I/41vfXvmeVqL.jpg","https://m.media-amazon.com/images/I/41vfXvmeVqL.jpg"
"1784223759-42","https://uk.pcpartpicker.com/products/optical-drive/","","LG BH16NS55.AUAR10B","(5)","Add","BD Write8/8/8/6","BD","DVD","CD40","DVD Write16/12/12/16/12/12/5","CD Write48/40","(5)","Add","DVD","BD Write","DVD Write","CD Write","BD","CD","https://m.media-amazon.com/images/I/41Ogsz4RutL.jpg","https://m.media-amazon.com/images/I/41Ogsz4RutL.jpg"
"1784223759-43","https://uk.pcpartpicker.com/products/optical-drive/","","Pioneer BDC-207DBK","(20)","Add","BD Write","BD8","DVD16","CD40","DVD Write16/8/8/16/6/8/5","CD Write40/24","(20)","Add","DVD","BD Write","DVD Write","CD Write","BD","CD","https://m.media-amazon.com/images/I/41iOJW+r+AL.jpg","https://m.media-amazon.com/images/I/41iOJW+r+AL.jpg"
"1784223759-44","https://uk.pcpartpicker.com/products/optical-drive/","","Asus SDRW-08U1MT","(0)","£27.94Add","BD Write","BD","DVD","CD24","DVD Write8/8/6/8/6/6/5","CD Write24/24","(0)","Add","DVD","BD Write","DVD Write","CD Write","BD","CD","https://cdna.pcpartpicker.com/static/forever/images/product/bb95c092d7de2c7a91357073efeac24a.256p.jpg","https://cdna.pcpartpicker.com/static/forever/images/product/bb95c092d7de2c7a91357073efeac24a.256p.jpg"
"1784223759-45","https://uk.pcpartpicker.com/products/optical-drive/","","Lite-On iHOS104-06","(5)","Add","BD Write","BD4","DVD8","CD32","DVD Write","CD Write","(5)","Add","DVD","BD Write","DVD Write","CD Write","BD","CD","https://m.media-amazon.com/images/I/41oQrq7ArvL.jpg","https://m.media-amazon.com/images/I/41oQrq7ArvL.jpg"
"1784223759-46","https://uk.pcpartpicker.com/products/optical-drive/","","Lite-On IHBS112-04","(9)","Add","BD Write12/8/2/2","BD8","DVD16","CD48","DVD Write16/8/8/16/6/8/12","CD Write48/48","(9)","Add","DVD","BD Write","DVD Write","CD Write","BD","CD","https://images-na.ssl-images-amazon.com/images/I/41yWMpzshUL.jpg","https://images-na.ssl-images-amazon.com/images/I/41yWMpzshUL.jpg"
"1784223759-47","https://uk.pcpartpicker.com/products/optical-drive/","","Sony AD-7280S-0B","(37)","Add","BD Write","BD","DVD16","CD48","DVD Write24/8/12/24/6/12/12","CD Write48/32","(37)","Add","DVD","BD Write","DVD Write","CD Write","BD","CD","https://m.media-amazon.com/images/I/31hUoCt+f1L.jpg","https://m.media-amazon.com/images/I/31hUoCt+f1L.jpg"
"1784223759-48","https://uk.pcpartpicker.com/products/optical-drive/","","LG BH14NS40","(34)","Add","BD Write14/12/2/2","BD12","DVD16","CD48","DVD Write16/8/8/16/6/8/5","CD Write48/24","(34)","Add","DVD","BD Write","DVD Write","CD Write","BD","CD","https://m.media-amazon.com/images/I/41t+oO7RHjL.jpg","https://m.media-amazon.com/images/I/41t+oO7RHjL.jpg"
"1784223759-49","https://uk.pcpartpicker.com/products/optical-drive/","","Asus BC-12B1ST","(0)","Add","BD Write","BD","DVD","CD","DVD Write16/8/8/16/6/8/12","CD Write48/24","(0)","Add","DVD","BD Write","DVD Write","CD Write","BD","CD","https://cdna.pcpartpicker.com/static/forever/images/product/13135030c3b0c34a4d97f16c5b11fe48.256p.jpg","https://cdna.pcpartpicker.com/static/forever/images/product/13135030c3b0c34a4d97f16c5b11fe48.256p.jpg"
"1784223759-50","https://uk.pcpartpicker.com/products/optical-drive/","","I/O Magic IDVD22DL","(0)","£19.98Add","BD Write","BD","DVD16","CD48","DVD Write22/8/16/22/6/16/12","CD Write48/32","(0)","Add","DVD","BD Write","DVD Write","CD Write","BD","CD","https://m.media-amazon.com/images/I/21T-Lg5haXL.jpg","https://m.media-amazon.com/images/I/21T-Lg5haXL.jpg"
"1784223759-51","https://uk.pcpartpicker.com/products/optical-drive/","","HP 652238-B21","(0)","£34.40Add","BD Write","BD","DVD8","CD24","DVD Write","CD Write","(0)","Add","DVD","BD Write","DVD Write","CD Write","BD","CD","https://cdna.pcpartpicker.com/static/forever/images/product/4fcf0bbed8b22ed949864787dc6d8074.256p.jpg","https://cdna.pcpartpicker.com/static/forever/images/product/4fcf0bbed8b22ed949864787dc6d8074.256p.jpg"
"1784223759-52","https://uk.pcpartpicker.com/products/optical-drive/","","Asus DVDE818A7T/BLK/B/GEN","(3)","Add","BD Write","BD","DVD18","CD48","DVD Write16/10/8/16/10/8/5","CD Write","(3)","Add","DVD","BD Write","DVD Write","CD Write","BD","CD","https://m.media-amazon.com/images/I/21ZEYJ0X29L.jpg","https://m.media-amazon.com/images/I/21ZEYJ0X29L.jpg"
"1784223759-53","https://uk.pcpartpicker.com/products/optical-drive/","","LG GH22NS50 Bulk","(2)","Add","BD Write","BD","DVD16","CD48","DVD Write22/8/-/22/8/-/12","CD Write48/32","(2)","Add","DVD","BD Write","DVD Write","CD Write","BD","CD","https://uk.pcpartpicker.com/static/forever/img/no-image.png",""
"1784223759-54","https://uk.pcpartpicker.com/products/optical-drive/","","Samsung SH-B123L/RSBP","(8)","Add","BD Write","BD12","DVD16","CD48","DVD Write16/8/8/16/16/8/12","CD Write48/24","(8)","Add","DVD","BD Write","DVD Write","CD Write","BD","CD","https://images-na.ssl-images-amazon.com/images/I/31dqRnt7MsL.jpg","https://images-na.ssl-images-amazon.com/images/I/31dqRnt7MsL.jpg"
"1784223759-55","https://uk.pcpartpicker.com/products/optical-drive/","","LG GH24NS90","(41)","Add","BD Write","BD","DVD16","CD48","DVD Write24/8/8/24/6/8/12","CD Write48/32","(41)","Add","DVD","BD Write","DVD Write","CD Write","BD","CD","https://m.media-amazon.com/images/I/41BfZIeDEZL.jpg","https://m.media-amazon.com/images/I/41BfZIeDEZL.jpg"
"1784223759-56","https://uk.pcpartpicker.com/products/optical-drive/","","LG UH12NS30","(66)","Add","BD Write","BD12","DVD16","CD","DVD Write16/8/8/16/6/8/5","CD Write48/24","(66)","Add","DVD","BD Write","DVD Write","CD Write","BD","CD","https://cdna.pcpartpicker.com/static/forever/images/product/4e1184c3762ba4641e0da2ac60778062.256p.jpg","https://cdna.pcpartpicker.com/static/forever/images/product/4e1184c3762ba4641e0da2ac60778062.256p.jpg"
"1784223759-57","https://uk.pcpartpicker.com/products/optical-drive/","","Pioneer BDR-2209","(8)","Add","BD Write16/14/2/2","BD12","DVD16","CD40","DVD Write16/6/8/16/6/8/5","CD Write40/24","(8)","Add","DVD","BD Write","DVD Write","CD Write","BD","CD","https://cdna.pcpartpicker.com/static/forever/images/product/3af7963f7e022c8ca3c56185754639ce.256p.jpg","https://cdna.pcpartpicker.com/static/forever/images/product/3af7963f7e022c8ca3c56185754639ce.256p.jpg"
"1784223759-58","https://uk.pcpartpicker.com/products/optical-drive/","","Pioneer BDR-212EBK","(0)","Add","BD Write","BD16","DVD","CD","DVD Write16/-/-/16/-/-/-","CD Write40/-","(0)","Add","DVD","BD Write","DVD Write","CD Write","BD","CD","https://cdna.pcpartpicker.com/static/forever/images/product/bd4fa53c97d6193fa1dbf3ed9649d656.256p.jpg","https://cdna.pcpartpicker.com/static/forever/images/product/bd4fa53c97d6193fa1dbf3ed9649d656.256p.jpg"
"1784223759-59","https://uk.pcpartpicker.com/products/optical-drive/","","Pioneer BDR-206DBKS","(1)","Add","BD Write12/12/2/2","BD8","DVD16","CD40","DVD Write16/8/8/16/6/8/-","CD Write40/24","(1)","Add","DVD","BD Write","DVD Write","CD Write","BD","CD","https://uk.pcpartpicker.com/static/forever/img/no-image.png",""
"1784223759-60","https://uk.pcpartpicker.com/products/optical-drive/","","LG WH12LS38","(2)","Add","BD Write12/12/2/2","BD10","DVD16","CD48","DVD Write16/8/8/16/6/8/12","CD Write48/24","(2)","Add","DVD","BD Write","DVD Write","CD Write","BD","CD","https://m.media-amazon.com/images/I/31HjF+KWO9L.jpg","https://m.media-amazon.com/images/I/31HjF+KWO9L.jpg"
"1784223759-61","https://uk.pcpartpicker.com/products/optical-drive/","","Sony AD-7280S-02","(1)","Add","BD Write","BD","DVD16","CD48","DVD Write24/8/12/24/6/12/12","CD Write48/32","(1)","Add","DVD","BD Write","DVD Write","CD Write","BD","CD","https://m.media-amazon.com/images/I/31rlPPd+RrL.jpg","https://m.media-amazon.com/images/I/31rlPPd+RrL.jpg"
"1784223759-62","https://uk.pcpartpicker.com/products/optical-drive/","","Samsung SH-224DB/BEBE","(253)","Add","BD Write","BD","DVD16","CD48","DVD Write24/8/8/24/6/8/12","CD Write48/24","(253)","Add","DVD","BD Write","DVD Write","CD Write","BD","CD","https://cdna.pcpartpicker.com/static/forever/images/product/16ab1604cab19e92a29c611a097fa111.256p.jpg","https://cdna.pcpartpicker.com/static/forever/images/product/16ab1604cab19e92a29c611a097fa111.256p.jpg"
"1784223759-63","https://uk.pcpartpicker.com/products/optical-drive/","","LG GGC-H20L","(1)","Add","BD Write","BD6","DVD16","CD40","DVD Write","CD Write","(1)","Add","DVD","BD Write","DVD Write","CD Write","BD","CD","https://images-na.ssl-images-amazon.com/images/I/41-qr6-862L.jpg","https://images-na.ssl-images-amazon.com/images/I/41-qr6-862L.jpg"
"1784223759-64","https://uk.pcpartpicker.com/products/optical-drive/","","Pioneer BDR-213EBK","(0)","Add","BD Write","BD","DVD","CD","DVD Write","CD Write","(0)","Add","DVD","BD Write","DVD Write","CD Write","BD","CD","https://m.media-amazon.com/images/I/311caYaAs5L.jpg","https://m.media-amazon.com/images/I/311caYaAs5L.jpg"
"1784223759-65","https://uk.pcpartpicker.com/products/optical-drive/","","LG GH24NS95","(137)","Add","BD Write","BD","DVD16","CD48","DVD Write24/8/8/24/6/8/5","CD Write48/24","(137)","Add","DVD","BD Write","DVD Write","CD Write","BD","CD","https://cdna.pcpartpicker.com/static/forever/images/product/c210b881597668e190fa0744bd73119b.256p.jpg","https://cdna.pcpartpicker.com/static/forever/images/product/c210b881597668e190fa0744bd73119b.256p.jpg"
"1784223759-66","https://uk.pcpartpicker.com/products/optical-drive/","","HP 1270i","(3)","Add","BD Write","BD","DVD16","CD48","DVD Write24/8/12/24/6/12/12","CD Write48/32","(3)","Add","DVD","BD Write","DVD Write","CD Write","BD","CD","https://m.media-amazon.com/images/I/41iTGLf7xxL.jpg","https://m.media-amazon.com/images/I/41iTGLf7xxL.jpg"
"1784223759-67","https://uk.pcpartpicker.com/products/optical-drive/","","LG GH22NS70 OEM","(2)","Add","BD Write","BD","DVD16","CD48","DVD Write22/8/8/22/6/8/12","CD Write48/32","(2)","Add","DVD","BD Write","DVD Write","CD Write","BD","CD","https://uk.pcpartpicker.com/static/forever/img/no-image.png",""
"1784223759-68","https://uk.pcpartpicker.com/products/optical-drive/","","Pioneer BDR-206MBK","(1)","Add","BD Write6/6/2/2","BD6","DVD8","CD24","DVD Write8/8/8/8/6/8/-","CD Write24/24","(1)","Add","DVD","BD Write","DVD Write","CD Write","BD","CD","https://m.media-amazon.com/images/I/31JyfLVga2L.jpg","https://m.media-amazon.com/images/I/31JyfLVga2L.jpg"
"1784223759-69","https://uk.pcpartpicker.com/products/optical-drive/","","Pioneer DVR-118LBK","(0)","Add","BD Write","BD","DVD22","CD40","DVD Write22/8/12/22/6/12/12","CD Write40/32","(0)","Add","DVD","BD Write","DVD Write","CD Write","BD","CD","https://m.media-amazon.com/images/I/31h2wo4Q18L.jpg","https://m.media-amazon.com/images/I/31h2wo4Q18L.jpg"
"1784223759-70","https://uk.pcpartpicker.com/products/optical-drive/","","HP 447328-B21","(8)","Add","BD Write","BD","DVD16","CD50","DVD Write16/8/-/16/8/-/-","CD Write40/32","(8)","Add","DVD","BD Write","DVD Write","CD Write","BD","CD","https://m.media-amazon.com/images/I/31hA+FfAsxL.jpg","https://m.media-amazon.com/images/I/31hA+FfAsxL.jpg"
"1784223759-71","https://uk.pcpartpicker.com/products/optical-drive/","","Lite-On iHAS224-06","(11)","Add","BD Write","BD","DVD16","CD48","DVD Write24/8/12/24/6/12/12","CD Write48/32","(11)","Add","DVD","BD Write","DVD Write","CD Write","BD","CD","https://m.media-amazon.com/images/I/21ne+StsHXL.jpg","https://m.media-amazon.com/images/I/21ne+StsHXL.jpg"
"1784223759-72","https://uk.pcpartpicker.com/products/optical-drive/","","Memorex 98240","(0)","Add","BD Write","BD","DVD16","CD48","DVD Write24/6/8/24/6/8/-","CD Write48/32","(0)","Add","DVD","BD Write","DVD Write","CD Write","BD","CD","https://cdna.pcpartpicker.com/static/forever/images/product/9263e8f215c730ccb96b64130f44c4dd.256p.jpg","https://cdna.pcpartpicker.com/static/forever/images/product/9263e8f215c730ccb96b64130f44c4dd.256p.jpg"
"1784223759-73","https://uk.pcpartpicker.com/products/optical-drive/","","Samsung SH-222AL/BSBS","(4)","Add","BD Write","BD","DVD22","CD48","DVD Write22/8/16/22/6/12/12","CD Write48/24","(4)","Add","DVD","BD Write","DVD Write","CD Write","BD","CD","https://uk.pcpartpicker.com/static/forever/img/no-image.png",""
"1784223759-74","https://uk.pcpartpicker.com/products/optical-drive/","","LG CH10LS28","(3)","Add","BD Write","BD10","DVD16","CD48","DVD Write16/8/8/16/6/8/12","CD Write48/24","(3)","Add","DVD","BD Write","DVD Write","CD Write","BD","CD","https://m.media-amazon.com/images/I/41ld3IvM7nL.jpg","https://m.media-amazon.com/images/I/41ld3IvM7nL.jpg"
"1784223759-75","https://uk.pcpartpicker.com/products/optical-drive/","","Lite-On IHBS312-98","(3)","Add","BD Write12/8/2/2","BD8","DVD16","CD48","DVD Write16/8/8/16/6/8/12","CD Write48/24","(3)","Add","DVD","BD Write","DVD Write","CD Write","BD","CD","https://m.media-amazon.com/images/I/4170aerbS8L.jpg","https://m.media-amazon.com/images/I/4170aerbS8L.jpg"
"1784223759-76","https://uk.pcpartpicker.com/products/optical-drive/","","MSI DH-24AS U88","(1)","Add","BD Write","BD","DVD16","CD48","DVD Write24/8/-/24/8/-/-","CD Write48/32","(1)","Add","DVD","BD Write","DVD Write","CD Write","BD","CD","https://cdna.pcpartpicker.com/static/forever/images/product/a41ed98c4262b9e687c028df081398e0.med.256p.jpg","https://cdna.pcpartpicker.com/static/forever/images/product/a41ed98c4262b9e687c028df081398e0.med.256p.jpg"
"1784223759-77","https://uk.pcpartpicker.com/products/optical-drive/","","HP AR629AA","(0)","Add","BD Write","BD","DVD16","CD48","DVD Write","CD Write","(0)","Add","DVD","BD Write","DVD Write","CD Write","BD","CD","https://m.media-amazon.com/images/I/21zBcmRW5rL.jpg","https://m.media-amazon.com/images/I/21zBcmRW5rL.jpg"
"1784223759-78","https://uk.pcpartpicker.com/products/optical-drive/","","Pioneer BDR-S08XLT","(0)","Add","BD Write","BD","DVD","CD","DVD Write","CD Write","(0)","Add","DVD","BD Write","DVD Write","CD Write","BD","CD","https://images-na.ssl-images-amazon.com/images/I/31ljrRygDHL.jpg","https://images-na.ssl-images-amazon.com/images/I/31ljrRygDHL.jpg"
"1784223759-79","https://uk.pcpartpicker.com/products/optical-drive/","","Silverstone SOD02B","(4)","Add","BD Write","BD","DVD8","CD24","DVD Write8/8/6/8/6/6/5","CD Write24/4","(4)","Add","DVD","BD Write","DVD Write","CD Write","BD","CD","https://m.media-amazon.com/images/I/41jHfb69r2L.jpg","https://m.media-amazon.com/images/I/41jHfb69r2L.jpg"
"1784223759-80","https://uk.pcpartpicker.com/products/optical-drive/","","Pioneer BDR-S09XLT","(0)","Add","BD Write12/8/10/6","BD","DVD5","CD40","DVD Write16/12/12/16/12/12/5","CD Write40/24","(0)","Add","DVD","BD Write","DVD Write","CD Write","BD","CD","https://cdna.pcpartpicker.com/static/forever/images/product/ca3a0ac3e1ddcf26eb31e076cbd19565.256p.jpg","https://cdna.pcpartpicker.com/static/forever/images/product/ca3a0ac3e1ddcf26eb31e076cbd19565.256p.jpg"
"1784223759-81","https://uk.pcpartpicker.com/products/optical-drive/","","LG GH24NSC0B","(60)","Add","BD Write","BD","DVD16","CD48","DVD Write24/8/8/24/6/8/5","CD Write48/24","(60)","Add","DVD","BD Write","DVD Write","CD Write","BD","CD","https://cdna.pcpartpicker.com/static/forever/images/product/384a5a884fccc960588f552d2a71d4cd.256p.jpg","https://cdna.pcpartpicker.com/static/forever/images/product/384a5a884fccc960588f552d2a71d4cd.256p.jpg"
"1784223759-82","https://uk.pcpartpicker.com/products/optical-drive/","","LG BH10LS30","(1)","Add","BD Write10/8/8/6","BD6","DVD16","CD48","DVD Write16/8/8/16/8/8/12","CD Write48/24","(1)","Add","DVD","BD Write","DVD Write","CD Write","BD","CD","https://uk.pcpartpicker.com/static/forever/img/no-image.png",""
"1784223759-83","https://uk.pcpartpicker.com/products/optical-drive/","","Samsung SH-216DB","(0)","Add","BD Write","BD","DVD","CD","DVD Write16/8/8/16/6/8/5","CD Write48/24","(0)","Add","DVD","BD Write","DVD Write","CD Write","BD","CD","https://uk.pcpartpicker.com/static/forever/img/no-image.png",""
"1784223759-84","https://uk.pcpartpicker.com/products/optical-drive/","","Asus DRW-24F1MT","(0)","Add","BD Write","BD","DVD","CD","DVD Write24/8/8/24/6/8/5","CD Write48/24","(0)","Add","DVD","BD Write","DVD Write","CD Write","BD","CD","https://uk.pcpartpicker.com/static/forever/img/no-image.png",""
"1784223759-85","https://uk.pcpartpicker.com/products/optical-drive/","","HP bd340i","(3)","Add","BD Write12/8/2/2","BD8","DVD16","CD48","DVD Write16/8/8/16/6/8/12","CD Write48/24","(3)","Add","DVD","BD Write","DVD Write","CD Write","BD","CD","https://uk.pcpartpicker.com/static/forever/img/no-image.png",""
"1784223759-86","https://uk.pcpartpicker.com/products/optical-drive/","","LG GH24LS70","(7)","Add","BD Write","BD","DVD16","CD48","DVD Write24/8/8/24/6/8/12","CD Write48/32","(7)","Add","DVD","BD Write","DVD Write","CD Write","BD","CD","https://m.media-amazon.com/images/I/21xY6WvpP7L.jpg","https://m.media-amazon.com/images/I/21xY6WvpP7L.jpg"
"1784223759-87","https://uk.pcpartpicker.com/products/optical-drive/","","Sony BC-5640H-01","(0)","Add","BD Write","BD6","DVD8","CD24","DVD Write8/8/6/8/6/6/5","CD Write24/16","(0)","Add","DVD","BD Write","DVD Write","CD Write","BD","CD","https://images-na.ssl-images-amazon.com/images/I/31U2riDvMCL.jpg","https://images-na.ssl-images-amazon.com/images/I/31U2riDvMCL.jpg"
"1784223759-88","https://uk.pcpartpicker.com/products/optical-drive/","","Lite-On iHAS424-98","(7)","Add","BD Write","BD","DVD16","CD48","DVD Write24/8/12/24/6/12/12","CD Write48/32","(7)","Add","DVD","BD Write","DVD Write","CD Write","BD","CD","https://cdna.pcpartpicker.com/static/forever/images/product/5234fca48acf63fb07e1b79d079b60a7.med.256p.jpg","https://cdna.pcpartpicker.com/static/forever/images/product/5234fca48acf63fb07e1b79d079b60a7.med.256p.jpg"
"1784223759-89","https://uk.pcpartpicker.com/products/optical-drive/","","Asus DRW-24B3LT","(2)","Add","BD Write","BD","DVD16","CD48","DVD Write24/8/12/24/6/12/12","CD Write48/24","(2)","Add","DVD","BD Write","DVD Write","CD Write","BD","CD","https://m.media-amazon.com/images/I/51b2xwIkEEL.jpg","https://m.media-amazon.com/images/I/51b2xwIkEEL.jpg"
"1784223759-90","https://uk.pcpartpicker.com/products/optical-drive/","","Teac DV516E/B/S","(0)","Add","BD Write","BD","DVD16","CD48","DVD Write","CD Write","(0)","Add","DVD","BD Write","DVD Write","CD Write","BD","CD","https://images-na.ssl-images-amazon.com/images/I/21ZNHDJ091L.jpg","https://images-na.ssl-images-amazon.com/images/I/21ZNHDJ091L.jpg"
"1784223759-91","https://uk.pcpartpicker.com/products/optical-drive/","","Plextor PX-LB950SA","(1)","Add","BD Write12/8/2/2","BD8","DVD16","CD48","DVD Write16/8/8/16/6/8/12","CD Write48/24","(1)","Add","DVD","BD Write","DVD Write","CD Write","BD","CD","https://m.media-amazon.com/images/I/41BdZNiXUkL.jpg","https://m.media-amazon.com/images/I/41BdZNiXUkL.jpg"
"1784223759-92","https://uk.pcpartpicker.com/products/optical-drive/","","Pioneer BDR-2208","(3)","Add","BD Write15/14/2/2","BD12","DVD16","CD40","DVD Write16/8/8/16/6/8/5","CD Write40/24","(3)","Add","DVD","BD Write","DVD Write","CD Write","BD","CD","https://cdna.pcpartpicker.com/static/forever/images/product/fd1f77d80ab0a15c28970543ee38403a.med.256p.jpg","https://cdna.pcpartpicker.com/static/forever/images/product/fd1f77d80ab0a15c28970543ee38403a.med.256p.jpg"
"1784223759-93","https://uk.pcpartpicker.com/products/optical-drive/","","LG UH12NS29","(28)","Add","BD Write","BD10","DVD16","CD48","DVD Write16/8/8/16/6/8/12","CD Write48/24","(28)","Add","DVD","BD Write","DVD Write","CD Write","BD","CD","https://m.media-amazon.com/images/I/21tqtePv6DL.jpg","https://m.media-amazon.com/images/I/21tqtePv6DL.jpg"
"1784223759-94","https://uk.pcpartpicker.com/products/optical-drive/","","LG BT30N","(3)","Add","BD Write6/6/2/-","BD6","DVD8","CD24","DVD Write8/8/6/8/6/6/5","CD Write24/24","(3)","Add","DVD","BD Write","DVD Write","CD Write","BD","CD","https://m.media-amazon.com/images/I/41kaQw9p2dL.jpg","https://m.media-amazon.com/images/I/41kaQw9p2dL.jpg"
"1784223759-95","https://uk.pcpartpicker.com/products/optical-drive/","","Samsung SH-224DB/RSBS","(56)","Add","BD Write","BD","DVD16","CD48","DVD Write24/8/8/24/6/8/5","CD Write48/24","(56)","Add","DVD","BD Write","DVD Write","CD Write","BD","CD","https://m.media-amazon.com/images/I/41L5gxRi3DL.jpg","https://m.media-amazon.com/images/I/41L5gxRi3DL.jpg"
"1784223759-96","https://uk.pcpartpicker.com/products/optical-drive/","","HP 624192-B21","(1)","Add","BD Write","BD","DVD","CD","DVD Write16/8/8/16/6/8/5","CD Write40/24","(1)","Add","DVD","BD Write","DVD Write","CD Write","BD","CD","https://m.media-amazon.com/images/I/41ZRGlRM-yL.jpg","https://m.media-amazon.com/images/I/41ZRGlRM-yL.jpg"
"1784223759-97","https://uk.pcpartpicker.com/products/optical-drive/","","Asus DRW-2014L1T","(0)","Add","BD Write","BD","DVD16","CD48","DVD Write20/8/8/20/6/8/14","CD Write48/32","(0)","Add","DVD","BD Write","DVD Write","CD Write","BD","CD","https://uk.pcpartpicker.com/static/forever/img/no-image.png",""
"1784223759-98","https://uk.pcpartpicker.com/products/optical-drive/","","HP DVD1265I","(18)","Add","BD Write","BD","DVD16","CD48","DVD Write24/8/12/24/6/12/-","CD Write48/32","(18)","Add","DVD","BD Write","DVD Write","CD Write","BD","CD","https://cdna.pcpartpicker.com/static/forever/images/product/988de1867e91e868e3dfa6fa3fbd94c4.256p.jpg","https://cdna.pcpartpicker.com/static/forever/images/product/988de1867e91e868e3dfa6fa3fbd94c4.256p.jpg"
"1784223759-99","https://uk.pcpartpicker.com/products/optical-drive/","","Lite-On SOHW-832S","(0)","Add","BD Write","BD","DVD12","CD40","DVD Write8/4/2/8/4/2/-","CD Write40/24","(0)","Add","DVD","BD Write","DVD Write","CD Write","BD","CD","https://m.media-amazon.com/images/I/31igQWYagrL.jpg","https://m.media-amazon.com/images/I/31igQWYagrL.jpg"
"1784223759-100","https://uk.pcpartpicker.com/products/optical-drive/","","Samsung SH-118CB/BEBE","(9)","Add","BD Write","BD","DVD18","CD48","DVD Write","CD Write","(9)","Add","DVD","BD Write","DVD Write","CD Write","BD","CD","https://images-na.ssl-images-amazon.com/images/I/41YUj0zqEvL.jpg","https://images-na.ssl-images-amazon.com/images/I/41YUj0zqEvL.jpg"
"1784223763-101","https://uk.pcpartpicker.com/products/optical-drive/","https://uk.pcpartpicker.com/products/optical-drive/#page=3","Lite-On IHES312-98","(3)","Add","BD Write","BD12","DVD16","CD48","DVD Write16/8/8/16/6/8/12","CD Write48/24","(3)","Add","DVD","BD Write","DVD Write","CD Write","BD","CD","https://uk.pcpartpicker.com/static/forever/img/no-image.png",""
"1784223763-102","https://uk.pcpartpicker.com/products/optical-drive/","https://uk.pcpartpicker.com/products/optical-drive/#page=3","MSI DH-24AS","(1)","Add","BD Write","BD","DVD16","CD48","DVD Write24/8/12/24/6/12/12","CD Write48/32","(1)","Add","DVD","BD Write","DVD Write","CD Write","BD","CD","https://uk.pcpartpicker.com/static/forever/img/no-image.png",""
"1784223763-103","https://uk.pcpartpicker.com/products/optical-drive/","https://uk.pcpartpicker.com/products/optical-drive/#page=3","Samsung SH-222BB/RSBS","(0)","Add","BD Write","BD","DVD16","CD48","DVD Write22/8/8/22/6/8/12","CD Write48/24","(0)","Add","DVD","BD Write","DVD Write","CD Write","BD","CD","https://uk.pcpartpicker.com/static/forever/img/no-image.png",""
"1784223763-104","https://uk.pcpartpicker.com/products/optical-drive/","https://uk.pcpartpicker.com/products/optical-drive/#page=3","Samsung SH-224BB/RSBS","(18)","Add","BD Write","BD","DVD16","CD48","DVD Write24/8/8/24/6/8/12","CD Write48/24","(18)","Add","DVD","BD Write","DVD Write","CD Write","BD","CD","https://uk.pcpartpicker.com/static/forever/img/no-image.png",""
"1784223763-105","https://uk.pcpartpicker.com/products/optical-drive/","https://uk.pcpartpicker.com/products/optical-drive/#page=3","Lite-On DS-8A9SH-01","(1)","Add","BD Write","BD","DVD8","CD24","DVD Write8/8/6/8/6/6/5","CD Write24/24","(1)","Add","DVD","BD Write","DVD Write","CD Write","BD","CD","https://uk.pcpartpicker.com/static/forever/img/no-image.png",""
"1784223763-106","https://uk.pcpartpicker.com/products/optical-drive/","https://uk.pcpartpicker.com/products/optical-drive/#page=3","Plextor PX-891SA-26","(1)","Add","BD Write","BD","DVD16","CD48","DVD Write24/8/12/24/6/12/12","CD Write48/32","(1)","Add","DVD","BD Write","DVD Write","CD Write","BD","CD","https://m.media-amazon.com/images/I/312TgmodSVL.jpg","https://m.media-amazon.com/images/I/312TgmodSVL.jpg"
"1784223763-107","https://uk.pcpartpicker.com/products/optical-drive/","https://uk.pcpartpicker.com/products/optical-drive/#page=3","Plextor PX-891SA-28","(0)","Add","BD Write","BD","DVD16","CD48","DVD Write24/8/12/24/6/12/12","CD Write48/32","(0)","Add","DVD","BD Write","DVD Write","CD Write","BD","CD","https://uk.pcpartpicker.com/static/forever/img/no-image.png",""
"1784223763-108","https://uk.pcpartpicker.com/products/optical-drive/","https://uk.pcpartpicker.com/products/optical-drive/#page=3","Lite-On IHAS324-07","(14)","Add","BD Write","BD","DVD16","CD48","DVD Write24/8/12/24/6/-/-","CD Write48/32","(14)","Add","DVD","BD Write","DVD Write","CD Write","BD","CD","https://m.media-amazon.com/images/I/31YRxNdhlUL.jpg","https://m.media-amazon.com/images/I/31YRxNdhlUL.jpg"
"1784223763-109","https://uk.pcpartpicker.com/products/optical-drive/","https://uk.pcpartpicker.com/products/optical-drive/#page=3","Asus DVD-E818AAT/BLK/B/GEN","(8)","Add","BD Write","BD","DVD18","CD48","DVD Write","CD Write","(8)","Add","DVD","BD Write","DVD Write","CD Write","BD","CD","https://cdna.pcpartpicker.com/static/forever/images/product/1fcfd375cec05a9f7cb78ef8a9178017.256p.jpg","https://cdna.pcpartpicker.com/static/forever/images/product/1fcfd375cec05a9f7cb78ef8a9178017.256p.jpg"
"1784223763-110","https://uk.pcpartpicker.com/products/optical-drive/","https://uk.pcpartpicker.com/products/optical-drive/#page=3","LG GT80N","(2)","Add","BD Write","BD","DVD8","CD24","DVD Write8/8/6/8/6/6/5","CD Write24/24","(2)","Add","DVD","BD Write","DVD Write","CD Write","BD","CD","https://m.media-amazon.com/images/I/31vSVn1qJvL.jpg","https://m.media-amazon.com/images/I/31vSVn1qJvL.jpg"
"1784223763-111","https://uk.pcpartpicker.com/products/optical-drive/","https://uk.pcpartpicker.com/products/optical-drive/#page=3","Samsung SH-118BB","(6)","Add","BD Write","BD","DVD18","CD48","DVD Write","CD Write","(6)","Add","DVD","BD Write","DVD Write","CD Write","BD","CD","https://images-na.ssl-images-amazon.com/images/I/31bSajqnQVL.jpg","https://images-na.ssl-images-amazon.com/images/I/31bSajqnQVL.jpg"
"1784223763-112","https://uk.pcpartpicker.com/products/optical-drive/","https://uk.pcpartpicker.com/products/optical-drive/#page=3","Samsung SN-208DB/BEBET","(1)","Add","BD Write","BD","DVD8","CD24","DVD Write8/8/6/8/6/6/5","CD Write24/24","(1)","Add","DVD","BD Write","DVD Write","CD Write","BD","CD","https://images-na.ssl-images-amazon.com/images/I/41bY1skPYZL.jpg","https://images-na.ssl-images-amazon.com/images/I/41bY1skPYZL.jpg"
"1784223763-113","https://uk.pcpartpicker.com/products/optical-drive/","https://uk.pcpartpicker.com/products/optical-drive/#page=3","Samsung SH-S223Q","(1)","Add","BD Write","BD","DVD16","CD48","DVD Write22/8/16/22/6/12/12","CD Write48/32","(1)","Add","DVD","BD Write","DVD Write","CD Write","BD","CD","https://uk.pcpartpicker.com/static/forever/img/no-image.png",""
"1784223763-114","https://uk.pcpartpicker.com/products/optical-drive/","https://uk.pcpartpicker.com/products/optical-drive/#page=3","Archgon CB-5021-GD","(0)","Add","BD Write","BD","DVD8","CD24","DVD Write8/8/6/8/6/6/5","CD Write24/24","(0)","Add","DVD","BD Write","DVD Write","CD Write","BD","CD","https://cdna.pcpartpicker.com/static/forever/images/product/3d57b5552e0e55830942fe4460ac28d6.med.256p.jpg","https://cdna.pcpartpicker.com/static/forever/images/product/3d57b5552e0e55830942fe4460ac28d6.med.256p.jpg"
"1784223763-115","https://uk.pcpartpicker.com/products/optical-drive/","https://uk.pcpartpicker.com/products/optical-drive/#page=3","Lite-On DL-8A4SH-01","(1)","Add","BD Write","BD","DVD8","CD24","DVD Write8/8/6/8/6/6/5","CD Write24/24","(1)","Add","DVD","BD Write","DVD Write","CD Write","BD","CD","https://images-na.ssl-images-amazon.com/images/I/4184d3kKxJL.jpg","https://images-na.ssl-images-amazon.com/images/I/4184d3kKxJL.jpg"
"1784223763-116","https://uk.pcpartpicker.com/products/optical-drive/","https://uk.pcpartpicker.com/products/optical-drive/#page=3","Silverstone SST-SOB02","(2)","Add","BD Write6/6/6/6","BD","DVD","CD24","DVD Write8/8/8/8/8/8/4","CD Write24/24","(2)","Add","DVD","BD Write","DVD Write","CD Write","BD","CD","https://m.media-amazon.com/images/I/41e2PcrEhYL.jpg","https://m.media-amazon.com/images/I/41e2PcrEhYL.jpg"
"1784223763-117","https://uk.pcpartpicker.com/products/optical-drive/","https://uk.pcpartpicker.com/products/optical-drive/#page=3","OcUK iHAS124-14","(0)","Add","BD Write","BD","DVD16","CD48","DVD Write24/8/8/24/6/8/5","CD Write48/24","(0)","Add","DVD","BD Write","DVD Write","CD Write","BD","CD","https://cdna.pcpartpicker.com/static/forever/images/product/b41a4178121418752b21f5b1fc98d0fc.256p.jpg","https://cdna.pcpartpicker.com/static/forever/images/product/b41a4178121418752b21f5b1fc98d0fc.256p.jpg"
"1784223763-118","https://uk.pcpartpicker.com/products/optical-drive/","https://uk.pcpartpicker.com/products/optical-drive/#page=3","OcUK CD-005-OK","(0)","Add","BD Write6/-/8/-","BD10","DVD16","CD40","DVD Write16/8/8/12/8/8/12","CD Write48/40","(0)","Add","DVD","BD Write","DVD Write","CD Write","BD","CD","https://uk.pcpartpicker.com/static/forever/img/no-image.png",""
"1784223763-119","https://uk.pcpartpicker.com/products/optical-drive/","https://uk.pcpartpicker.com/products/optical-drive/#page=3","OcUK OcUKSATADVDRW","(0)","Add","BD Write","BD","DVD16","CD40","DVD Write16/12/12/16/12/12/-","CD Write48/40","(0)","Add","DVD","BD Write","DVD Write","CD Write","BD","CD","https://uk.pcpartpicker.com/static/forever/img/no-image.png",""
"1784223763-120","https://uk.pcpartpicker.com/products/optical-drive/","https://uk.pcpartpicker.com/products/optical-drive/#page=3","LG GH24NSB0B","(3)","Add","BD Write","BD","DVD16","CD48","DVD Write24/8/8/24/6/8/5","CD Write48/24","(3)","Add","DVD","BD Write","DVD Write","CD Write","BD","CD","https://m.media-amazon.com/images/I/415Nn6QEgBL.jpg","https://m.media-amazon.com/images/I/415Nn6QEgBL.jpg"
"1784223763-121","https://uk.pcpartpicker.com/products/optical-drive/","https://uk.pcpartpicker.com/products/optical-drive/#page=3","Asus DVD-E818AAT/BLK/B/GE","(2)","Add","BD Write","BD","DVD18","CD48","DVD Write","CD Write","(2)","Add","DVD","BD Write","DVD Write","CD Write","BD","CD","https://uk.pcpartpicker.com/static/forever/img/no-image.png",""
"1784223763-122","https://uk.pcpartpicker.com/products/optical-drive/","https://uk.pcpartpicker.com/products/optical-drive/#page=3","I/O Magic IDVD24S","(0)","Add","BD Write","BD","DVD","CD","DVD Write24/8/16/24/1/16/12","CD Write48/32","(0)","Add","DVD","BD Write","DVD Write","CD Write","BD","CD","https://m.media-amazon.com/images/I/31l1xlryOvL.jpg","https://m.media-amazon.com/images/I/31l1xlryOvL.jpg"
"1784223763-123","https://uk.pcpartpicker.com/products/optical-drive/","https://uk.pcpartpicker.com/products/optical-drive/#page=3","LG CU20N","(0)","Add","BD Write","BD6","DVD8","CD24","DVD Write8/8/6/8/6/6/5","CD Write24/16","(0)","Add","DVD","BD Write","DVD Write","CD Write","BD","CD","https://uk.pcpartpicker.com/static/forever/img/no-image.png",""
"1784223763-124","https://uk.pcpartpicker.com/products/optical-drive/","https://uk.pcpartpicker.com/products/optical-drive/#page=3","LG GUB0N","(1)","£29.75Add","BD Write","BD","DVD8","CD24","DVD Write8/6/6/8/6/6/5","CD Write24/24","(1)","Add","DVD","BD Write","DVD Write","CD Write","BD","CD","https://m.media-amazon.com/images/I/31YuVe+ru9L.jpg","https://m.media-amazon.com/images/I/31YuVe+ru9L.jpg"
"1784223763-125","https://uk.pcpartpicker.com/products/optical-drive/","https://uk.pcpartpicker.com/products/optical-drive/#page=3","Lenovo 41N5618","(0)","Add","BD Write","BD","DVD16","CD40","DVD Write","CD Write","(0)","Add","DVD","BD Write","DVD Write","CD Write","BD","CD","https://m.media-amazon.com/images/I/31v7sYVEIOL.jpg","https://m.media-amazon.com/images/I/31v7sYVEIOL.jpg"
"1784223763-126","https://uk.pcpartpicker.com/products/optical-drive/","https://uk.pcpartpicker.com/products/optical-drive/#page=3","Lite-On DH-4O1S-11","(0)","Add","BD Write","BD4","DVD12","CD32","DVD Write","CD Write","(0)","Add","DVD","BD Write","DVD Write","CD Write","BD","CD","https://uk.pcpartpicker.com/static/forever/img/no-image.png",""
"1784223763-127","https://uk.pcpartpicker.com/products/optical-drive/","https://uk.pcpartpicker.com/products/optical-drive/#page=3","Asus BC-06B1ST","(0)","Add","BD Write6/4/6/4","BD6","DVD16","CD48","DVD Write16/8/8/16/8/8/-","CD Write48/32","(0)","Add","DVD","BD Write","DVD Write","CD Write","BD","CD","https://uk.pcpartpicker.com/static/forever/img/no-image.png",""
"1784223763-128","https://uk.pcpartpicker.com/products/optical-drive/","https://uk.pcpartpicker.com/products/optical-drive/#page=3","Teac BD-W512GSA","(0)","Add","BD Write12/8/2/2","BD","DVD","CD","DVD Write16/8/8/16/6/8/-","CD Write48/24","(0)","Add","DVD","BD Write","DVD Write","CD Write","BD","CD","https://uk.pcpartpicker.com/static/forever/img/no-image.png",""
"1784223763-129","https://uk.pcpartpicker.com/products/optical-drive/","https://uk.pcpartpicker.com/products/optical-drive/#page=3","LG GH10N","(1)","Add","BD Write","BD","DVD","CD","DVD Write","CD Write","(1)","Add","DVD","BD Write","DVD Write","CD Write","BD","CD","https://m.media-amazon.com/images/I/41D-LMpdxkL.jpg","https://m.media-amazon.com/images/I/41D-LMpdxkL.jpg"
"1784223763-130","https://uk.pcpartpicker.com/products/optical-drive/","https://uk.pcpartpicker.com/products/optical-drive/#page=3","Samsung SH-224FB/RSBS","(0)","Add","BD Write","BD","DVD16","CD48","DVD Write24/8/8/24/6/8/5","CD Write48/24","(0)","Add","DVD","BD Write","DVD Write","CD Write","BD","CD","https://uk.pcpartpicker.com/static/forever/img/no-image.png",""
"1784223763-131","https://uk.pcpartpicker.com/products/optical-drive/","https://uk.pcpartpicker.com/products/optical-drive/#page=3","Samsung SH-S203B","(0)","Add","BD Write","BD","DVD20","CD48","DVD Write20/8/12/20/6/12/12","CD Write32/48","(0)","Add","DVD","BD Write","DVD Write","CD Write","BD","CD","https://uk.pcpartpicker.com/static/forever/img/no-image.png",""
"1784223770-132","https://uk.pcpartpicker.com/products/optical-drive/","https://uk.pcpartpicker.com/products/optical-drive/#page=2","LG UH12NS40","(7)","Add","BD Write","BD12","DVD16","CD48","DVD Write16/8/8/16/6/8/5","CD Write48/24","(7)","Add","DVD","BD Write","DVD Write","CD Write","BD","CD","https://cdna.pcpartpicker.com/static/forever/images/product/4e1184c3762ba4641e0da2ac60778062.256p.jpg","https://cdna.pcpartpicker.com/static/forever/images/product/4e1184c3762ba4641e0da2ac60778062.256p.jpg"
"1784223770-133","https://uk.pcpartpicker.com/products/optical-drive/","https://uk.pcpartpicker.com/products/optical-drive/#page=2","Samsung SH-224FB","(0)","Add","BD Write","BD","DVD16","CD48","DVD Write24/8/8/24/6/8/5","CD Write48/24","(0)","Add","DVD","BD Write","DVD Write","CD Write","BD","CD","https://cdna.pcpartpicker.com/static/forever/images/product/f7379a11d26af8e97c965c680f5a3e2e.256p.jpg","https://cdna.pcpartpicker.com/static/forever/images/product/f7379a11d26af8e97c965c680f5a3e2e.256p.jpg"
"1784223770-134","https://uk.pcpartpicker.com/products/optical-drive/","https://uk.pcpartpicker.com/products/optical-drive/#page=2","Samsung SH-224GB/BSBE","(0)","Add","BD Write","BD","DVD16","CD48","DVD Write24/8/8/24/6/8/5","CD Write48/24","(0)","Add","DVD","BD Write","DVD Write","CD Write","BD","CD","https://m.media-amazon.com/images/I/21o4S7gIt2L.jpg","https://m.media-amazon.com/images/I/21o4S7gIt2L.jpg"
"1784223770-135","https://uk.pcpartpicker.com/products/optical-drive/","https://uk.pcpartpicker.com/products/optical-drive/#page=2","HP 447326-B21","(7)","Add","BD Write","BD","DVD16","CD40","DVD Write","CD Write","(7)","Add","DVD","BD Write","DVD Write","CD Write","BD","CD","https://uk.pcpartpicker.com/static/forever/img/no-image.png",""
"1784223770-136","https://uk.pcpartpicker.com/products/optical-drive/","https://uk.pcpartpicker.com/products/optical-drive/#page=2","LG GH24NS70 OEM","(3)","Add","BD Write","BD","DVD16","CD48","DVD Write24/8/8/24/6/8/12","CD Write48/32","(3)","Add","DVD","BD Write","DVD Write","CD Write","BD","CD","https://uk.pcpartpicker.com/static/forever/img/no-image.png",""
"1784223770-137","https://uk.pcpartpicker.com/products/optical-drive/","https://uk.pcpartpicker.com/products/optical-drive/#page=2","Sony AD-7260S-0B","(1)","Add","BD Write","BD","DVD16","CD48","DVD Write24/8/12/24/6/12/12","CD Write48/32","(1)","Add","DVD","BD Write","DVD Write","CD Write","BD","CD","https://images-na.ssl-images-amazon.com/images/I/313WEmD29AL.jpg","https://images-na.ssl-images-amazon.com/images/I/313WEmD29AL.jpg"
"1784223770-138","https://uk.pcpartpicker.com/products/optical-drive/","https://uk.pcpartpicker.com/products/optical-drive/#page=2","Samsung SH-B123L","(3)","Add","BD Write","BD12","DVD16","CD48","DVD Write16/8/8/16/6/8/12","CD Write48/4","(3)","Add","DVD","BD Write","DVD Write","CD Write","BD","CD","https://uk.pcpartpicker.com/static/forever/img/no-image.png",""
"1784223770-139","https://uk.pcpartpicker.com/products/optical-drive/","https://uk.pcpartpicker.com/products/optical-drive/#page=2","Plextor PX-B320SA SW","(0)","Add","BD Write","BD8","DVD16","CD48","DVD Write16/8/8/16/6/8/12","CD Write48/32","(0)","Add","DVD","BD Write","DVD Write","CD Write","BD","CD","https://uk.pcpartpicker.com/static/forever/img/no-image.png",""
"1784223770-140","https://uk.pcpartpicker.com/products/optical-drive/","https://uk.pcpartpicker.com/products/optical-drive/#page=2","Sony BC-5500H-01","(0)","Add","BD Write","BD4","DVD8","CD24","DVD Write8/4/4/8/4/4/5","CD Write16/10","(0)","Add","DVD","BD Write","DVD Write","CD Write","BD","CD","https://images-na.ssl-images-amazon.com/images/I/41482thKiUL.jpg","https://images-na.ssl-images-amazon.com/images/I/41482thKiUL.jpg"
"1784223770-141","https://uk.pcpartpicker.com/products/optical-drive/","https://uk.pcpartpicker.com/products/optical-drive/#page=2","Samsung SH-S222A","(0)","Add","BD Write","BD","DVD16","CD48","DVD Write22/8/16/22/6/12/12","CD Write48/32","(0)","Add","DVD","BD Write","DVD Write","CD Write","BD","CD","https://uk.pcpartpicker.com/static/forever/img/no-image.png",""
"1784223770-142","https://uk.pcpartpicker.com/products/optical-drive/","https://uk.pcpartpicker.com/products/optical-drive/#page=2","Lite-On iHDP118-04","(1)","Add","BD Write","BD","DVD18","CD48","DVD Write","CD Write","(1)","Add","DVD","BD Write","DVD Write","CD Write","BD","CD","https://cdna.pcpartpicker.com/static/forever/images/product/2ed489a17bee0ccb859dfd1a8e5d9348.256p.jpg","https://cdna.pcpartpicker.com/static/forever/images/product/2ed489a17bee0ccb859dfd1a8e5d9348.256p.jpg"
"1784223770-143","https://uk.pcpartpicker.com/products/optical-drive/","https://uk.pcpartpicker.com/products/optical-drive/#page=2","Lite-On iHDS118-04","(17)","Add","BD Write","BD","DVD18","CD48","DVD Write","CD Write","(17)","Add","DVD","BD Write","DVD Write","CD Write","BD","CD","https://m.media-amazon.com/images/I/31i7bZor6OL.jpg","https://m.media-amazon.com/images/I/31i7bZor6OL.jpg"
"1784223770-144","https://uk.pcpartpicker.com/products/optical-drive/","https://uk.pcpartpicker.com/products/optical-drive/#page=2","Buslink DBW-1647","(0)","Add","BD Write","BD","DVD16","CD48","DVD Write16/4/4/16/4/-/-","CD Write48/32","(0)","Add","DVD","BD Write","DVD Write","CD Write","BD","CD","https://m.media-amazon.com/images/I/31edfo1S2oL.jpg","https://m.media-amazon.com/images/I/31edfo1S2oL.jpg"
"1784223770-145","https://uk.pcpartpicker.com/products/optical-drive/","https://uk.pcpartpicker.com/products/optical-drive/#page=2","MSI DH-18D4P","(0)","Add","BD Write","BD","DVD18","CD48","DVD Write","CD Write","(0)","Add","DVD","BD Write","DVD Write","CD Write","BD","CD","https://cdna.pcpartpicker.com/static/forever/images/product/6464b6f0e85ef421ca6a0be0961d85b8.256p.jpg","https://cdna.pcpartpicker.com/static/forever/images/product/6464b6f0e85ef421ca6a0be0961d85b8.256p.jpg"
"1784223770-146","https://uk.pcpartpicker.com/products/optical-drive/","https://uk.pcpartpicker.com/products/optical-drive/#page=2","Lite-On iHES112-29","(0)","Add","BD Write","BD12","DVD16","CD48","DVD Write16/8/8/16/6/8/12","CD Write48/24","(0)","Add","DVD","BD Write","DVD Write","CD Write","BD","CD","https://images-na.ssl-images-amazon.com/images/I/21jyjK0M8QL.jpg","https://images-na.ssl-images-amazon.com/images/I/21jyjK0M8QL.jpg"
"1784223770-147","https://uk.pcpartpicker.com/products/optical-drive/","https://uk.pcpartpicker.com/products/optical-drive/#page=2","Sony BWU-500S","(0)","Add","BD Write12/8/2/2","BD8","DVD16","CD48","DVD Write8/8/6/8/6/6/5","CD Write24/16","(0)","Add","DVD","BD Write","DVD Write","CD Write","BD","CD","https://m.media-amazon.com/images/I/31HqE2-yW6L.jpg","https://m.media-amazon.com/images/I/31HqE2-yW6L.jpg"
"1784223770-148","https://uk.pcpartpicker.com/products/optical-drive/","https://uk.pcpartpicker.com/products/optical-drive/#page=2","Lite-On iHES208-08","(0)","Add","BD Write","BD8","DVD16","CD48","DVD Write16/8/8/16/6/8/12","CD Write48/48","(0)","Add","DVD","BD Write","DVD Write","CD Write","BD","CD","https://m.media-amazon.com/images/I/41u7d8JF2nL.jpg","https://m.media-amazon.com/images/I/41u7d8JF2nL.jpg"
"1784223770-149","https://uk.pcpartpicker.com/products/optical-drive/","https://uk.pcpartpicker.com/products/optical-drive/#page=2","Memorex MRX-550L","(0)","Add","BD Write","BD","DVD16","CD48","DVD Write24/8/-/24/6/-/-","CD Write48/32","(0)","Add","DVD","BD Write","DVD Write","CD Write","BD","CD","https://cdna.pcpartpicker.com/static/forever/images/product/5c28eb427548ac792fc3e5b179d034bb.med.256p.jpg","https://cdna.pcpartpicker.com/static/forever/images/product/5c28eb427548ac792fc3e5b179d034bb.med.256p.jpg"
"1784223770-150","https://uk.pcpartpicker.com/products/optical-drive/","https://uk.pcpartpicker.com/products/optical-drive/#page=2","Sony BC5640H-03","(0)","Add","BD Write","BD6","DVD8","CD24","DVD Write8/8/6/8/6/6/5","CD Write24/16","(0)","Add","DVD","BD Write","DVD Write","CD Write","BD","CD","https://m.media-amazon.com/images/I/31KldmHbkOL.jpg","https://m.media-amazon.com/images/I/31KldmHbkOL.jpg"
"1784223770-151","https://uk.pcpartpicker.com/products/optical-drive/","https://uk.pcpartpicker.com/products/optical-drive/#page=2","LG GH22NS90B","(9)","Add","BD Write","BD","DVD16","CD48","DVD Write22/8/8/22/6/8/12","CD Write48/32","(9)","Add","DVD","BD Write","DVD Write","CD Write","BD","CD","https://m.media-amazon.com/images/I/21TlnaWd1AL.jpg","https://m.media-amazon.com/images/I/21TlnaWd1AL.jpg"
"1784223770-152","https://uk.pcpartpicker.com/products/optical-drive/","https://uk.pcpartpicker.com/products/optical-drive/#page=2","Lite-On iHES212-08","(1)","Add","BD Write","BD12","DVD16","CD48","DVD Write16/8/8/16/6/8/12","CD Write48/24","(1)","Add","DVD","BD Write","DVD Write","CD Write","BD","CD","https://images-na.ssl-images-amazon.com/images/I/318zYB-chwL.jpg","https://images-na.ssl-images-amazon.com/images/I/318zYB-chwL.jpg"
"1784223770-153","https://uk.pcpartpicker.com/products/optical-drive/","https://uk.pcpartpicker.com/products/optical-drive/#page=2","LG WH12LS39","(6)","Add","BD Write12/12/2/2","BD10","DVD16","CD48","DVD Write16/8/8/16/6/8/12","CD Write48/24","(6)","Add","DVD","BD Write","DVD Write","CD Write","BD","CD","https://m.media-amazon.com/images/I/31TQTYzEpEL.jpg","https://m.media-amazon.com/images/I/31TQTYzEpEL.jpg"
"1784223770-154","https://uk.pcpartpicker.com/products/optical-drive/","https://uk.pcpartpicker.com/products/optical-drive/#page=2","Samsung SH-222BB/BEBE","(33)","Add","BD Write","BD","DVD16","CD48","DVD Write22/8/8/22/6/8/12","CD Write48/24","(33)","Add","DVD","BD Write","DVD Write","CD Write","BD","CD","https://m.media-amazon.com/images/I/31pU32qCJlL.jpg","https://m.media-amazon.com/images/I/31pU32qCJlL.jpg"
"1784223770-155","https://uk.pcpartpicker.com/products/optical-drive/","https://uk.pcpartpicker.com/products/optical-drive/#page=2","LG CH12LS28","(3)","Add","BD Write","BD10","DVD16","CD48","DVD Write16/8/8/16/6/8/12","CD Write48/24","(3)","Add","DVD","BD Write","DVD Write","CD Write","BD","CD","https://uk.pcpartpicker.com/static/forever/img/no-image.png",""
"1784223770-156","https://uk.pcpartpicker.com/products/optical-drive/","https://uk.pcpartpicker.com/products/optical-drive/#page=2","Pioneer BDR-207DBKS","(1)","Add","BD Write12/12/2/2","BD10","DVD16","CD40","DVD Write16/8/8/16/6/8/-","CD Write40/24","(1)","Add","DVD","BD Write","DVD Write","CD Write","BD","CD","https://uk.pcpartpicker.com/static/forever/img/no-image.png",""
"1784223770-157","https://uk.pcpartpicker.com/products/optical-drive/","https://uk.pcpartpicker.com/products/optical-drive/#page=2","Pioneer BDR-2206","(0)","Add","BD Write12/12/2/2","BD8","DVD12","CD40","DVD Write16/8/8/16/6/8/-","CD Write40/24","(0)","Add","DVD","BD Write","DVD Write","CD Write","BD","CD","https://uk.pcpartpicker.com/static/forever/img/no-image.png",""
"1784223770-158","https://uk.pcpartpicker.com/products/optical-drive/","https://uk.pcpartpicker.com/products/optical-drive/#page=2","LG GH24NS72","(16)","Add","BD Write","BD","DVD16","CD48","DVD Write24/6/8/24/8/24/-","CD Write48/32","(16)","Add","DVD","BD Write","DVD Write","CD Write","BD","CD","https://m.media-amazon.com/images/I/21wtZOcJldL.jpg","https://m.media-amazon.com/images/I/21wtZOcJldL.jpg"
"1784223770-159","https://uk.pcpartpicker.com/products/optical-drive/","https://uk.pcpartpicker.com/products/optical-drive/#page=2","Samsung SH-224BB","(47)","Add","BD Write","BD","DVD16","CD48","DVD Write24/8/8/24/6/8/12","CD Write48/24","(47)","Add","DVD","BD Write","DVD Write","CD Write","BD","CD","https://m.media-amazon.com/images/I/313GbaEitWL.jpg","https://m.media-amazon.com/images/I/313GbaEitWL.jpg"
"1784223770-160","https://uk.pcpartpicker.com/products/optical-drive/","https://uk.pcpartpicker.com/products/optical-drive/#page=2","LG CH10LS20 OEM","(1)","Add","BD Write","BD10","DVD16","CD48","DVD Write16/8/-/16/6/-/-","CD Write48/24","(1)","Add","DVD","BD Write","DVD Write","CD Write","BD","CD","https://uk.pcpartpicker.com/static/forever/img/no-image.png",""
"1784223770-161","https://uk.pcpartpicker.com/products/optical-drive/","https://uk.pcpartpicker.com/products/optical-drive/#page=2","Pioneer BDR-208DBK","(16)","Add","BD Write15/14/2/2","BD12","DVD16","CD40","DVD Write16/8/8/16/6/8/-","CD Write40/24","(16)","Add","DVD","BD Write","DVD Write","CD Write","BD","CD","https://m.media-amazon.com/images/I/41uJ1Alz2sL.jpg","https://m.media-amazon.com/images/I/41uJ1Alz2sL.jpg"
"1784223770-162","https://uk.pcpartpicker.com/products/optical-drive/","https://uk.pcpartpicker.com/products/optical-drive/#page=2","Supermicro DVM-TEAC-824B","(0)","Add","BD Write","BD","DVD8","CD24","DVD Write","CD Write","(0)","Add","DVD","BD Write","DVD Write","CD Write","BD","CD","https://m.media-amazon.com/images/I/11JMsSv8oVL.jpg","https://m.media-amazon.com/images/I/11JMsSv8oVL.jpg"
"1784223770-163","https://uk.pcpartpicker.com/products/optical-drive/","https://uk.pcpartpicker.com/products/optical-drive/#page=2","Archgon CB-5021-GB","(0)","Add","BD Write6/2/2/2","BD6","DVD8","CD24","DVD Write8/8/6/8/6/6/5","CD Write24/4","(0)","Add","DVD","BD Write","DVD Write","CD Write","BD","CD","https://cdna.pcpartpicker.com/static/forever/images/product/777b70ab5a0855ceb00cbfaf94d77c46.256p.jpg","https://cdna.pcpartpicker.com/static/forever/images/product/777b70ab5a0855ceb00cbfaf94d77c46.256p.jpg"
"1784223770-164","https://uk.pcpartpicker.com/products/optical-drive/","https://uk.pcpartpicker.com/products/optical-drive/#page=2","EVGA 100-OD-S101-BR","(7)","Add","BD Write","BD","DVD","CD","DVD Write8/8/6/8/6/6/5","CD Write24/24","(7)","Add","DVD","BD Write","DVD Write","CD Write","BD","CD","https://m.media-amazon.com/images/I/41IiBQwkfFL.jpg","https://m.media-amazon.com/images/I/41IiBQwkfFL.jpg"
"1784223770-165","https://uk.pcpartpicker.com/products/optical-drive/","https://uk.pcpartpicker.com/products/optical-drive/#page=2","Samsung SN-208FB/BEBE","(2)","Add","BD Write","BD","DVD8","CD24","DVD Write8/8/6/8/6/6/5","CD Write24/-","(2)","Add","DVD","BD Write","DVD Write","CD Write","BD","CD","https://cdna.pcpartpicker.com/static/forever/images/product/ae8982968dc8cceb2aaeeda6532a2b27.256p.jpg","https://cdna.pcpartpicker.com/static/forever/images/product/ae8982968dc8cceb2aaeeda6532a2b27.256p.jpg"
"1784223770-166","https://uk.pcpartpicker.com/products/optical-drive/","https://uk.pcpartpicker.com/products/optical-drive/#page=2","OcUK CD-004-OK","(0)","Add","BD Write","BD8","DVD","CD","DVD Write16/16/8/16/16/8/-","CD Write48/24","(0)","Add","DVD","BD Write","DVD Write","CD Write","BD","CD","https://cdna.pcpartpicker.com/static/forever/images/product/6dc79ff662c657a6cd341db7e8b117a7.256p.jpg","https://cdna.pcpartpicker.com/static/forever/images/product/6dc79ff662c657a6cd341db7e8b117a7.256p.jpg"
"1784223770-167","https://uk.pcpartpicker.com/products/optical-drive/","https://uk.pcpartpicker.com/products/optical-drive/#page=2","Lenovo 0A65618","(0)","Add","BD Write","BD","DVD","CD","DVD Write16/12/12/16/12/12/12","CD Write48/40","(0)","Add","DVD","BD Write","DVD Write","CD Write","BD","CD","https://m.media-amazon.com/images/I/31Gs9mrUmtL.jpg","https://m.media-amazon.com/images/I/31Gs9mrUmtL.jpg"
"1784223770-168","https://uk.pcpartpicker.com/products/optical-drive/","https://uk.pcpartpicker.com/products/optical-drive/#page=2","Asus DRW-24D3ST","(2)","Add","BD Write","BD","DVD16","CD48","DVD Write16/13/12/16/8/12/5","CD Write48/40","(2)","Add","DVD","BD Write","DVD Write","CD Write","BD","CD","https://uk.pcpartpicker.com/static/forever/img/no-image.png",""
"1784223770-169","https://uk.pcpartpicker.com/products/optical-drive/","https://uk.pcpartpicker.com/products/optical-drive/#page=2","Samsung SH-224FB/RSMS","(6)","Add","BD Write","BD","DVD","CD","DVD Write24/8/8/24/8/8/5","CD Write48/24","(6)","Add","DVD","BD Write","DVD Write","CD Write","BD","CD","https://m.media-amazon.com/images/I/41AT14RD18L.jpg","https://m.media-amazon.com/images/I/41AT14RD18L.jpg"
"1784223770-170","https://uk.pcpartpicker.com/products/optical-drive/","https://uk.pcpartpicker.com/products/optical-drive/#page=2","Sony AD-7200S-0B","(2)","Add","BD Write","BD","DVD","CD","DVD Write20/8/8/20/6/12/12","CD Write48/32","(2)","Add","DVD","BD Write","DVD Write","CD Write","BD","CD","https://uk.pcpartpicker.com/static/forever/img/no-image.png",""
"1784223770-171","https://uk.pcpartpicker.com/products/optical-drive/","https://uk.pcpartpicker.com/products/optical-drive/#page=2","Pioneer BDR-211EBK","(0)","Add","BD Write16/-/-/-","BD","DVD","CD","DVD Write-/16/-/-/16/-/-","CD Write-/40","(0)","Add","DVD","BD Write","DVD Write","CD Write","BD","CD","https://cdna.pcpartpicker.com/static/forever/images/product/d9ec8d732f0ed77b1e4abe8fbb9ec1c3.256p.jpg","https://cdna.pcpartpicker.com/static/forever/images/product/d9ec8d732f0ed77b1e4abe8fbb9ec1c3.256p.jpg"
"1784223770-172","https://uk.pcpartpicker.com/products/optical-drive/","https://uk.pcpartpicker.com/products/optical-drive/#page=2","LG GH22LS50","(0)","Add","BD Write","BD","DVD12","CD48","DVD Write22/8/16/22/6/12/12","CD Write48/32","(0)","Add","DVD","BD Write","DVD Write","CD Write","BD","CD","https://uk.pcpartpicker.com/static/forever/img/no-image.png",""
"1784223770-173","https://uk.pcpartpicker.com/products/optical-drive/","https://uk.pcpartpicker.com/products/optical-drive/#page=2","Samsung SH-S223C","(1)","Add","BD Write","BD","DVD16","CD48","DVD Write22/8/16/22/6/12/12","CD Write48/32","(1)","Add","DVD","BD Write","DVD Write","CD Write","BD","CD","https://m.media-amazon.com/images/I/21HvL5IikeL.jpg","https://m.media-amazon.com/images/I/21HvL5IikeL.jpg"
"1784223770-174","https://uk.pcpartpicker.com/products/optical-drive/","https://uk.pcpartpicker.com/products/optical-drive/#page=2","LG GH22LP21","(0)","Add","BD Write","BD","DVD16","CD48","DVD Write22/8/16/22/6/12/12","CD Write48/32","(0)","Add","DVD","BD Write","DVD Write","CD Write","BD","CD","https://m.media-amazon.com/images/I/41ZPk-h1fzL.jpg","https://m.media-amazon.com/images/I/41ZPk-h1fzL.jpg"
"1784223770-175","https://uk.pcpartpicker.com/products/optical-drive/","https://uk.pcpartpicker.com/products/optical-drive/#page=2","LG GH22NP21","(0)","Add","BD Write","BD","DVD16","CD48","DVD Write22/8/16/22/6/12/12","CD Write48/32","(0)","Add","DVD","BD Write","DVD Write","CD Write","BD","CD","https://m.media-amazon.com/images/I/4138h-K4CzL.jpg","https://m.media-amazon.com/images/I/4138h-K4CzL.jpg"
"1784223770-176","https://uk.pcpartpicker.com/products/optical-drive/","https://uk.pcpartpicker.com/products/optical-drive/#page=2","Lite-On IHBS112-29","(3)","Add","BD Write12/8/2/2","BD8","DVD16","CD48","DVD Write16/8/8/16/6/8/12","CD Write48/24","(3)","Add","DVD","BD Write","DVD Write","CD Write","BD","CD","https://uk.pcpartpicker.com/static/forever/img/no-image.png",""
"1784223770-177","https://uk.pcpartpicker.com/products/optical-drive/","https://uk.pcpartpicker.com/products/optical-drive/#page=2","Lite-On iHAP122-04","(0)","Add","BD Write","BD","DVD16","CD48","DVD Write22/8/8/22/6/8/12","CD Write48/32","(0)","Add","DVD","BD Write","DVD Write","CD Write","BD","CD","https://uk.pcpartpicker.com/static/forever/img/no-image.png",""
"1784223770-178","https://uk.pcpartpicker.com/products/optical-drive/","https://uk.pcpartpicker.com/products/optical-drive/#page=2","Lite-On iHAP222-06","(0)","Add","BD Write","BD","DVD16","CD48","DVD Write22/8/8/22/6/8/12","CD Write48/32","(0)","Add","DVD","BD Write","DVD Write","CD Write","BD","CD","https://uk.pcpartpicker.com/static/forever/img/no-image.png",""
"1784223770-179","https://uk.pcpartpicker.com/products/optical-drive/","https://uk.pcpartpicker.com/products/optical-drive/#page=2","Lite-On iHBS212-08","(1)","Add","BD Write12/8/2/2","BD8","DVD16","CD48","DVD Write16/8/8/16/6/8/12","CD Write48/24","(1)","Add","DVD","BD Write","DVD Write","CD Write","BD","CD","https://uk.pcpartpicker.com/static/forever/img/no-image.png",""
"1784223770-180","https://uk.pcpartpicker.com/products/optical-drive/","https://uk.pcpartpicker.com/products/optical-drive/#page=2","Plextor PX-B940SA-11","(0)","Add","BD Write12/12/2/2","BD8","DVD16","CD40","DVD Write16/8/8/16/6/8/5","CD Write40/24","(0)","Add","DVD","BD Write","DVD Write","CD Write","BD","CD","https://uk.pcpartpicker.com/static/forever/img/no-image.png",""
"1784223770-181","https://uk.pcpartpicker.com/products/optical-drive/","https://uk.pcpartpicker.com/products/optical-drive/#page=2","Samsung SH-222AL","(0)","Add","BD Write","BD","DVD16","CD48","DVD Write22/8/16/22/6/12/12","CD Write48/24","(0)","Add","DVD","BD Write","DVD Write","CD Write","BD","CD","https://uk.pcpartpicker.com/static/forever/img/no-image.png",""
"1784223770-182","https://uk.pcpartpicker.com/products/optical-drive/","https://uk.pcpartpicker.com/products/optical-drive/#page=2","Sony AD-7261S-0B","(3)","Add","BD Write","BD","DVD16","CD48","DVD Write24/8/12/24/6/12/12","CD Write48/32","(3)","Add","DVD","BD Write","DVD Write","CD Write","BD","CD","https://m.media-amazon.com/images/I/41zOv4czO-L.jpg","https://m.media-amazon.com/images/I/41zOv4czO-L.jpg"
"1784223770-183","https://uk.pcpartpicker.com/products/optical-drive/","https://uk.pcpartpicker.com/products/optical-drive/#page=2","Sony AD-7690H-01","(0)","Add","BD Write","BD","DVD8","CD24","DVD Write8/8/6/8/6/6/5","CD Write24/24","(0)","Add","DVD","BD Write","DVD Write","CD Write","BD","CD","https://uk.pcpartpicker.com/static/forever/img/no-image.png",""
"1784223770-184","https://uk.pcpartpicker.com/products/optical-drive/","https://uk.pcpartpicker.com/products/optical-drive/#page=2","Sony AD-7710H-01","(0)","Add","BD Write","BD","DVD8","CD24","DVD Write8/8/6/8/6/6/5","CD Write24/24","(0)","Add","DVD","BD Write","DVD Write","CD Write","BD","CD","https://uk.pcpartpicker.com/static/forever/img/no-image.png",""
"1784223770-185","https://uk.pcpartpicker.com/products/optical-drive/","https://uk.pcpartpicker.com/products/optical-drive/#page=2","Sony BD-5300S-0B","(0)","Add","BD Write12/8/2/2","BD8","DVD16","CD48","DVD Write8/8/6/8/6/6/5","CD Write24/16","(0)","Add","DVD","BD Write","DVD Write","CD Write","BD","CD","https://m.media-amazon.com/images/I/41A7gtoHo8L.jpg","https://m.media-amazon.com/images/I/41A7gtoHo8L.jpg"
"1784223770-186","https://uk.pcpartpicker.com/products/optical-drive/","https://uk.pcpartpicker.com/products/optical-drive/#page=2","Sony BD-5740H-01","(0)","Add","BD Write6/6/2/2","BD6","DVD8","CD24","DVD Write8/8/6/8/6/6/5","CD Write24/16","(0)","Add","DVD","BD Write","DVD Write","CD Write","BD","CD","https://m.media-amazon.com/images/I/31HP3MF-5ML.jpg","https://m.media-amazon.com/images/I/31HP3MF-5ML.jpg"
"1784223770-187","https://uk.pcpartpicker.com/products/optical-drive/","https://uk.pcpartpicker.com/products/optical-drive/#page=2","HP 481041-B21","(0)","Add","BD Write","BD","DVD8","CD24","DVD Write","CD Write","(0)","Add","DVD","BD Write","DVD Write","CD Write","BD","CD","https://m.media-amazon.com/images/I/3119sZ+j3oL.jpg","https://m.media-amazon.com/images/I/3119sZ+j3oL.jpg"
"1784223770-188","https://uk.pcpartpicker.com/products/optical-drive/","https://uk.pcpartpicker.com/products/optical-drive/#page=2","LG UH12LS28 OEM","(2)","Add","BD Write","BD12","DVD16","CD48","DVD Write16/8/8/16/6/8/12","CD Write48/24","(2)","Add","DVD","BD Write","DVD Write","CD Write","BD","CD","https://uk.pcpartpicker.com/static/forever/img/no-image.png",""
"1784223770-189","https://uk.pcpartpicker.com/products/optical-drive/","https://uk.pcpartpicker.com/products/optical-drive/#page=2","Plextor PX-L871A","(0)","Add","BD Write","BD","DVD16","CD48","DVD Write22/8/12/22/6/12/12","CD Write48/24","(0)","Add","DVD","BD Write","DVD Write","CD Write","BD","CD","https://uk.pcpartpicker.com/static/forever/img/no-image.png",""
"1784223770-190","https://uk.pcpartpicker.com/products/optical-drive/","https://uk.pcpartpicker.com/products/optical-drive/#page=2","Plextor PX-L890SA","(1)","Add","BD Write","BD","DVD16","CD48","DVD Write24/8/12/24/6/12/12","CD Write48/24","(1)","Add","DVD","BD Write","DVD Write","CD Write","BD","CD","https://images-na.ssl-images-amazon.com/images/I/41BuuDJUi%2BL.jpg","https://images-na.ssl-images-amazon.com/images/I/41BuuDJUi%2BL.jpg"
"1784223770-191","https://uk.pcpartpicker.com/products/optical-drive/","https://uk.pcpartpicker.com/products/optical-drive/#page=2","Sony DDU1681S-0B","(4)","Add","BD Write","BD","DVD18","CD48","DVD Write","CD Write","(4)","Add","DVD","BD Write","DVD Write","CD Write","BD","CD","https://m.media-amazon.com/images/I/41xh4LIjpjL.jpg","https://m.media-amazon.com/images/I/41xh4LIjpjL.jpg"
"1784223770-192","https://uk.pcpartpicker.com/products/optical-drive/","https://uk.pcpartpicker.com/products/optical-drive/#page=2","Lite-On iHOS104-08","(0)","Add","BD Write","BD4","DVD8","CD32","DVD Write","CD Write","(0)","Add","DVD","BD Write","DVD Write","CD Write","BD","CD","https://uk.pcpartpicker.com/static/forever/img/no-image.png",""
"1784223770-193","https://uk.pcpartpicker.com/products/optical-drive/","https://uk.pcpartpicker.com/products/optical-drive/#page=2","Asus DRW-24B3LT/BLK/G/AS","(1)","Add","BD Write","BD","DVD16","CD48","DVD Write24/8/-/24/8/-/-","CD Write48/24","(1)","Add","DVD","BD Write","DVD Write","CD Write","BD","CD","https://uk.pcpartpicker.com/static/forever/img/no-image.png",""
"1784223770-194","https://uk.pcpartpicker.com/products/optical-drive/","https://uk.pcpartpicker.com/products/optical-drive/#page=2","Lite-On Ihap322-98","(1)","Add","BD Write","BD","DVD16","CD48","DVD Write22/8/-/22/6/-/12","CD Write48/32","(1)","Add","DVD","BD Write","DVD Write","CD Write","BD","CD","https://m.media-amazon.com/images/I/3102kRN5+vL.jpg","https://m.media-amazon.com/images/I/3102kRN5+vL.jpg"
"1784223770-195","https://uk.pcpartpicker.com/products/optical-drive/","https://uk.pcpartpicker.com/products/optical-drive/#page=2","Lite-On iHAP422-98","(0)","Add","BD Write","BD","DVD16","CD48","DVD Write22/8/8/22/6/8/12","CD Write48/32","(0)","Add","DVD","BD Write","DVD Write","CD Write","BD","CD","https://uk.pcpartpicker.com/static/forever/img/no-image.png",""
"1784223770-196","https://uk.pcpartpicker.com/products/optical-drive/","https://uk.pcpartpicker.com/products/optical-drive/#page=2","Lite-On iHAS-324-98B","(1)","Add","BD Write","BD","DVD16","CD48","DVD Write24/8/8/24/6/8/12","CD Write48/32","(1)","Add","DVD","BD Write","DVD Write","CD Write","BD","CD","https://cdna.pcpartpicker.com/static/forever/images/product/b85a8d9198c0549c60fdbb7617ac8778.256p.jpg","https://cdna.pcpartpicker.com/static/forever/images/product/b85a8d9198c0549c60fdbb7617ac8778.256p.jpg"
"1784223770-197","https://uk.pcpartpicker.com/products/optical-drive/","https://uk.pcpartpicker.com/products/optical-drive/#page=2","Plextor PX-L890SA R","(0)","Add","BD Write","BD","DVD16","CD48","DVD Write24/8/12/24/6/12/12","CD Write48/24","(0)","Add","DVD","BD Write","DVD Write","CD Write","BD","CD","https://uk.pcpartpicker.com/static/forever/img/no-image.png",""
"1784223770-198","https://uk.pcpartpicker.com/products/optical-drive/","https://uk.pcpartpicker.com/products/optical-drive/#page=2","Sony AD-7260S-01","(1)","Add","BD Write","BD","DVD16","CD48","DVD Write24/8/12/24/6/12/12","CD Write48/32","(1)","Add","DVD","BD Write","DVD Write","CD Write","BD","CD","https://uk.pcpartpicker.com/static/forever/img/no-image.png",""
"1784223770-199","https://uk.pcpartpicker.com/products/optical-drive/","https://uk.pcpartpicker.com/products/optical-drive/#page=2","Lite-On iHDP118-08","(0)","Add","BD Write","BD","DVD18","CD48","DVD Write","CD Write","(0)","Add","DVD","BD Write","DVD Write","CD Write","BD","CD","https://uk.pcpartpicker.com/static/forever/img/no-image.png",""
"1784223770-200","https://uk.pcpartpicker.com/products/optical-drive/","https://uk.pcpartpicker.com/products/optical-drive/#page=2","Asus DRW-22B3S/BLK/G/AS","(0)","Add","BD Write","BD","DVD16","CD48","DVD Write22/8/12/22/6/12/12","CD Write48/24","(0)","Add","DVD","BD Write","DVD Write","CD Write","BD","CD","https://images-na.ssl-images-amazon.com/images/I/31uMR717RAL.jpg","https://images-na.ssl-images-amazon.com/images/I/31uMR717RAL.jpg"
"1784223770-201","https://uk.pcpartpicker.com/products/optical-drive/","https://uk.pcpartpicker.com/products/optical-drive/#page=2","Asus DRW-22B2Sb/BLK/B/AS","(1)","Add","BD Write","BD","DVD16","CD48","DVD Write22/8/12/22/6/12/12","CD Write48/32","(1)","Add","DVD","BD Write","DVD Write","CD Write","BD","CD","https://uk.pcpartpicker.com/static/forever/img/no-image.png",""
"1784223770-202","https://uk.pcpartpicker.com/products/optical-drive/","https://uk.pcpartpicker.com/products/optical-drive/#page=2","Lite-On iHAS524-T98A","(1)","Add","BD Write","BD","DVD16","CD48","DVD Write24/8/12/24/6/12/12","CD Write48/32","(1)","Add","DVD","BD Write","DVD Write","CD Write","BD","CD","https://uk.pcpartpicker.com/static/forever/img/no-image.png",""
"1784223770-203","https://uk.pcpartpicker.com/products/optical-drive/","https://uk.pcpartpicker.com/products/optical-drive/#page=2","Lite-On DS-8A5S","(0)","Add","BD Write","BD","DVD8","CD24","DVD Write8/8/6/8/6/6/5","CD Write24/24","(0)","Add","DVD","BD Write","DVD Write","CD Write","BD","CD","https://images-na.ssl-images-amazon.com/images/I/41Ksc4zNipL.jpg","https://images-na.ssl-images-amazon.com/images/I/41Ksc4zNipL.jpg"
"1784223770-204","https://uk.pcpartpicker.com/products/optical-drive/","https://uk.pcpartpicker.com/products/optical-drive/#page=2","MSI DH-24AAS-17 R","(1)","Add","BD Write","BD","DVD16","CD48","DVD Write24/8/12/24/6/12/12","CD Write48/32","(1)","Add","DVD","BD Write","DVD Write","CD Write","BD","CD","https://uk.pcpartpicker.com/static/forever/img/no-image.png",""
"1784223770-205","https://uk.pcpartpicker.com/products/optical-drive/","https://uk.pcpartpicker.com/products/optical-drive/#page=2","Lite-On DC-8A2SH","(0)","Add","BD Write","BD","DVD8","CD24","DVD Write8/8/6/8/6/6/5","CD Write24/24","(0)","Add","DVD","BD Write","DVD Write","CD Write","BD","CD","https://uk.pcpartpicker.com/static/forever/img/no-image.png",""
"1784223770-206","https://uk.pcpartpicker.com/products/optical-drive/","https://uk.pcpartpicker.com/products/optical-drive/#page=2","MSI DH-18D5S","(0)","Add","BD Write","BD","DVD18","CD48","DVD Write","CD Write","(0)","Add","DVD","BD Write","DVD Write","CD Write","BD","CD","https://cdna.pcpartpicker.com/static/forever/images/product/c578cae4c696aee0e2a6037a40ed6f88.256p.jpg","https://cdna.pcpartpicker.com/static/forever/images/product/c578cae4c696aee0e2a6037a40ed6f88.256p.jpg"
"1784223770-207","https://uk.pcpartpicker.com/products/optical-drive/","https://uk.pcpartpicker.com/products/optical-drive/#page=2","Lite-On ihes112-04","(3)","Add","BD Write","BD12","DVD16","CD48","DVD Write16/8/8/16/6/8/12","CD Write48/24","(3)","Add","DVD","BD Write","DVD Write","CD Write","BD","CD","https://uk.pcpartpicker.com/static/forever/img/no-image.png",""
"1784223770-208","https://uk.pcpartpicker.com/products/optical-drive/","https://uk.pcpartpicker.com/products/optical-drive/#page=2","Sony BD-5750H","(1)","Add","BD Write6/6/2/2","BD6","DVD8","CD24","DVD Write8/8/6/8/6/6/5","CD Write24/16","(1)","Add","DVD","BD Write","DVD Write","CD Write","BD","CD","https://uk.pcpartpicker.com/static/forever/img/no-image.png",""
"1784223770-209","https://uk.pcpartpicker.com/products/optical-drive/","https://uk.pcpartpicker.com/products/optical-drive/#page=2","Teac DV516E/S","(0)","Add","BD Write","BD","DVD16","CD48","DVD Write","CD Write","(0)","Add","DVD","BD Write","DVD Write","CD Write","BD","CD","https://uk.pcpartpicker.com/static/forever/img/no-image.png",""
"1784223770-210","https://uk.pcpartpicker.com/products/optical-drive/","https://uk.pcpartpicker.com/products/optical-drive/#page=2","Memorex 98240-KIT","(0)","Add","BD Write","BD","DVD16","CD48","DVD Write24/8/8/24/6/8/-","CD Write48/32","(0)","Add","DVD","BD Write","DVD Write","CD Write","BD","CD","https://uk.pcpartpicker.com/static/forever/img/no-image.png",""
"1784223770-211","https://uk.pcpartpicker.com/products/optical-drive/","https://uk.pcpartpicker.com/products/optical-drive/#page=2","Sony AD-7740H-01","(0)","Add","BD Write","BD","DVD8","CD","DVD Write8/-/-/8/-/-/-","CD Write","(0)","Add","DVD","BD Write","DVD Write","CD Write","BD","CD","https://m.media-amazon.com/images/I/11sDK-1PUYL.jpg","https://m.media-amazon.com/images/I/11sDK-1PUYL.jpg"
"1784223770-212","https://uk.pcpartpicker.com/products/optical-drive/","https://uk.pcpartpicker.com/products/optical-drive/#page=2","MSI DH-22AP","(0)","Add","BD Write","BD","DVD16","CD48","DVD Write22/8/-/22/6/-/12","CD Write48/32","(0)","Add","DVD","BD Write","DVD Write","CD Write","BD","CD","https://m.media-amazon.com/images/I/31cMJd6ObsL.jpg","https://m.media-amazon.com/images/I/31cMJd6ObsL.jpg"
"1784223770-213","https://uk.pcpartpicker.com/products/optical-drive/","https://uk.pcpartpicker.com/products/optical-drive/#page=2","LG WH12LS30","(3)","Add","BD Write12/12/2/2","BD10","DVD16","CD48","DVD Write16/8/8/16/6/8/12","CD Write48/24","(3)","Add","DVD","BD Write","DVD Write","CD Write","BD","CD","https://uk.pcpartpicker.com/static/forever/img/no-image.png",""
"1784223770-214","https://uk.pcpartpicker.com/products/optical-drive/","https://uk.pcpartpicker.com/products/optical-drive/#page=2","I/O Magic IBD1","(0)","Add","BD Write10/8/2/-","BD10","DVD16","CD48","DVD Write16/8/4/16/6/4/-","CD Write48/24","(0)","Add","DVD","BD Write","DVD Write","CD Write","BD","CD","https://images-na.ssl-images-amazon.com/images/I/31yyVB5GWML.jpg","https://images-na.ssl-images-amazon.com/images/I/31yyVB5GWML.jpg"
"1784223770-215","https://uk.pcpartpicker.com/products/optical-drive/","https://uk.pcpartpicker.com/products/optical-drive/#page=2","Samsung SH-222AL/RSBS","(1)","Add","BD Write","BD","DVD16","CD48","DVD Write22/8/16/22/6/12/12","CD Write48/24","(1)","Add","DVD","BD Write","DVD Write","CD Write","BD","CD","https://uk.pcpartpicker.com/static/forever/img/no-image.png",""
"1784223770-216","https://uk.pcpartpicker.com/products/optical-drive/","https://uk.pcpartpicker.com/products/optical-drive/#page=2","Samsung SN-208BB","(1)","Add","BD Write","BD","DVD8","CD24","DVD Write8/8/8/8/6/8/5","CD Write24/4","(1)","Add","DVD","BD Write","DVD Write","CD Write","BD","CD","https://m.media-amazon.com/images/I/413qa9-2kJL.jpg","https://m.media-amazon.com/images/I/413qa9-2kJL.jpg"
"1784223770-217","https://uk.pcpartpicker.com/products/optical-drive/","https://uk.pcpartpicker.com/products/optical-drive/#page=2","Gear Head 24XDVDINTLS","(0)","Add","BD Write","BD","DVD","CD","DVD Write24/8/12/24/-/12/12","CD Write","(0)","Add","DVD","BD Write","DVD Write","CD Write","BD","CD","https://m.media-amazon.com/images/I/41CwNoaLZiL.jpg","https://m.media-amazon.com/images/I/41CwNoaLZiL.jpg"
"1784223770-218","https://uk.pcpartpicker.com/products/optical-drive/","https://uk.pcpartpicker.com/products/optical-drive/#page=2","Samsung SH-222AL/BSBE","(0)","Add","BD Write","BD","DVD16","CD48","DVD Write22/8/16/22/6/12/12","CD Write48/24","(0)","Add","DVD","BD Write","DVD Write","CD Write","BD","CD","https://uk.pcpartpicker.com/static/forever/img/no-image.png",""
"1784223770-219","https://uk.pcpartpicker.com/products/optical-drive/","https://uk.pcpartpicker.com/products/optical-drive/#page=2","Samsung TS-HB43L/HPBHF","(1)","Add","BD Write","BD","DVD16","CD40","DVD Write16/8/8/16/8/8/12","CD Write40/-","(1)","Add","DVD","BD Write","DVD Write","CD Write","BD","CD","https://uk.pcpartpicker.com/static/forever/img/no-image.png",""
"1784223770-220","https://uk.pcpartpicker.com/products/optical-drive/","https://uk.pcpartpicker.com/products/optical-drive/#page=2","Samsung TS-H353C","(1)","Add","BD Write","BD","DVD16","CD40","DVD Write","CD Write","(1)","Add","DVD","BD Write","DVD Write","CD Write","BD","CD","https://uk.pcpartpicker.com/static/forever/img/no-image.png",""
"1784223770-221","https://uk.pcpartpicker.com/products/optical-drive/","https://uk.pcpartpicker.com/products/optical-drive/#page=2","Lite-On ihes108-29","(0)","Add","BD Write8/4/8/4","BD8","DVD16","CD48","DVD Write16/8/16/16/6/16/12","CD Write48/32","(0)","Add","DVD","BD Write","DVD Write","CD Write","BD","CD","https://m.media-amazon.com/images/I/01TvHjgYbOL.jpg","https://m.media-amazon.com/images/I/01TvHjgYbOL.jpg"
"1784223770-222","https://uk.pcpartpicker.com/products/optical-drive/","https://uk.pcpartpicker.com/products/optical-drive/#page=2","Lite-On iHAS324-99","(0)","Add","BD Write","BD","DVD16","CD48","DVD Write24/8/12/24/6/12/12","CD Write48/32","(0)","Add","DVD","BD Write","DVD Write","CD Write","BD","CD","https://uk.pcpartpicker.com/static/forever/img/no-image.png",""
"1784223770-223","https://uk.pcpartpicker.com/products/optical-drive/","https://uk.pcpartpicker.com/products/optical-drive/#page=2","Lite-On iHAS524-06","(0)","Add","BD Write","BD","DVD16","CD48","DVD Write24/8/12/24/6/12/12","CD Write48/32","(0)","Add","DVD","BD Write","DVD Write","CD Write","BD","CD","https://uk.pcpartpicker.com/static/forever/img/no-image.png",""
"1784223770-224","https://uk.pcpartpicker.com/products/optical-drive/","https://uk.pcpartpicker.com/products/optical-drive/#page=2","Sony 5280S-CB-PLUS","(8)","Add","BD Write","BD","DVD16","CD48","DVD Write24/8/12/24/6/12/-","CD Write48/32","(8)","Add","DVD","BD Write","DVD Write","CD Write","BD","CD","https://m.media-amazon.com/images/I/31H4OStjPCL.jpg","https://m.media-amazon.com/images/I/31H4OStjPCL.jpg"
"1784223770-225","https://uk.pcpartpicker.com/products/optical-drive/","https://uk.pcpartpicker.com/products/optical-drive/#page=2","Pioneer BDR-207","(0)","Add","BD Write12/12/2/2","BD10","DVD16","CD40","DVD Write16/8/8/16/6/8/-","CD Write40/24","(0)","Add","DVD","BD Write","DVD Write","CD Write","BD","CD","https://uk.pcpartpicker.com/static/forever/img/no-image.png",""
"1784223770-226","https://uk.pcpartpicker.com/products/optical-drive/","https://uk.pcpartpicker.com/products/optical-drive/#page=2","Pioneer BDR-207MBK","(2)","Add","BD Write12/12/2/2","BD10","DVD16","CD40","DVD Write16/8/8/16/6/8/5","CD Write40/24","(2)","Add","DVD","BD Write","DVD Write","CD Write","BD","CD","https://m.media-amazon.com/images/I/319z5jRtTkL.jpg","https://m.media-amazon.com/images/I/319z5jRtTkL.jpg"
"1784223770-227","https://uk.pcpartpicker.com/products/optical-drive/","https://uk.pcpartpicker.com/products/optical-drive/#page=2","Pioneer BDR-2207","(0)","Add","BD Write12/12/2/2","BD10","DVD16","CD40","DVD Write16/8/8/16/6/8/5","CD Write40/24","(0)","Add","DVD","BD Write","DVD Write","CD Write","BD","CD","https://uk.pcpartpicker.com/static/forever/img/no-image.png",""
"1784223770-228","https://uk.pcpartpicker.com/products/optical-drive/","https://uk.pcpartpicker.com/products/optical-drive/#page=2","Samsung SN-208DB/BEBE","(2)","Add","BD Write","BD","DVD8","CD24","DVD Write8/8/6/8/6/6/5","CD Write24/24","(2)","Add","DVD","BD Write","DVD Write","CD Write","BD","CD","https://uk.pcpartpicker.com/static/forever/img/no-image.png",""
"1784223770-229","https://uk.pcpartpicker.com/products/optical-drive/","https://uk.pcpartpicker.com/products/optical-drive/#page=2","Lite-On ihas524-T06","(2)","Add","BD Write","BD","DVD16","CD48","DVD Write24/8/12/24/6/12/12","CD Write48/32","(2)","Add","DVD","BD Write","DVD Write","CD Write","BD","CD","https://uk.pcpartpicker.com/static/forever/img/no-image.png",""
"1784223770-230","https://uk.pcpartpicker.com/products/optical-drive/","https://uk.pcpartpicker.com/products/optical-drive/#page=2","LG UH12LS29","(0)","Add","BD Write","BD10","DVD16","CD48","DVD Write16/8/8/16/6/8/12","CD Write48/24","(0)","Add","DVD","BD Write","DVD Write","CD Write","BD","CD","https://m.media-amazon.com/images/I/31y7SH0RcqL.jpg","https://m.media-amazon.com/images/I/31y7SH0RcqL.jpg"
"1784223770-231","https://uk.pcpartpicker.com/products/optical-drive/","https://uk.pcpartpicker.com/products/optical-drive/#page=2","Lite-On IHAS324-98","(12)","Add","BD Write","BD","DVD16","CD48","DVD Write24/8/-/24/6/-/-","CD Write48/32","(12)","Add","DVD","BD Write","DVD Write","CD Write","BD","CD","https://uk.pcpartpicker.com/static/forever/img/no-image.png",""
