web_scraper_order,web_scraper_start_url,pagination,name,amount,rating,price,name3,price2,amount2,name2,name4
"1784223383-1","https://uk.pcpartpicker.com/products/thermal-paste/","","ARCTIC MX-6","Amount4 g","(109)","£5.99Add","(109)","Add","Amount","https://cdna.pcpartpicker.com/static/forever/images/product/3d165b90f17f4124d08ce51bde755da4.256p.jpg","https://cdna.pcpartpicker.com/static/forever/images/product/3d165b90f17f4124d08ce51bde755da4.256p.jpg"
"1784223383-2","https://uk.pcpartpicker.com/products/thermal-paste/","","Thermal Grizzly Kryonaut","Amount1 g","(292)","£6.95Add","(292)","Add","Amount","https://cdna.pcpartpicker.com/static/forever/images/product/e6d57f462cf826fea2ece98cc59b334e.256p.jpg","https://cdna.pcpartpicker.com/static/forever/images/product/e6d57f462cf826fea2ece98cc59b334e.256p.jpg"
"1784223383-3","https://uk.pcpartpicker.com/products/thermal-paste/","","Thermal Grizzly Kryonaut Extreme","Amount33.84 g","(1)","£95.77Add","(1)","Add","Amount","https://m.media-amazon.com/images/I/41KnDwOoqVL.jpg","https://m.media-amazon.com/images/I/41KnDwOoqVL.jpg"
"1784223383-4","https://uk.pcpartpicker.com/products/thermal-paste/","","ARCTIC MX-7","Amount8 g","(4)","£5.99Add","(4)","Add","Amount","https://cdna.pcpartpicker.com/static/forever/images/product/756d48e0ad964e9a35e19c07758d1b06.256p.jpg","https://cdna.pcpartpicker.com/static/forever/images/product/756d48e0ad964e9a35e19c07758d1b06.256p.jpg"
"1784223383-5","https://uk.pcpartpicker.com/products/thermal-paste/","","ARCTIC MX-4 (2019)","Amount4 g","(101)","£4.99Add","(101)","Add","Amount","https://cdna.pcpartpicker.com/static/forever/images/product/4e73c6b1d3705d74d0e07371664984ce.256p.jpg","https://cdna.pcpartpicker.com/static/forever/images/product/4e73c6b1d3705d74d0e07371664984ce.256p.jpg"
"1784223383-6","https://uk.pcpartpicker.com/products/thermal-paste/","","Thermal Grizzly Kryonaut Extreme","Amount2 g","(30)","£20.39Add","(30)","Add","Amount","https://cdna.pcpartpicker.com/static/forever/images/product/7531e7bdc184bb0d6ecc992b453419cc.256p.jpg","https://cdna.pcpartpicker.com/static/forever/images/product/7531e7bdc184bb0d6ecc992b453419cc.256p.jpg"
"1784223383-7","https://uk.pcpartpicker.com/products/thermal-paste/","","Arctic Silver 5 High-Density Polysynthetic Silver","Amount3.5 g","(626)","£12.95Add","(626)","Add","Amount","https://cdna.pcpartpicker.com/static/forever/images/product/0717918950a454120e59f23fee37077b.256p.jpg","https://cdna.pcpartpicker.com/static/forever/images/product/0717918950a454120e59f23fee37077b.256p.jpg"
"1784223383-8","https://uk.pcpartpicker.com/products/thermal-paste/","","Noctua NT-H2","Amount3.5 g","(61)","£11.95Add","(61)","Add","Amount","https://cdna.pcpartpicker.com/static/forever/images/product/a365e986bc44fb0d6da4c21f861d6656.256p.jpg","https://cdna.pcpartpicker.com/static/forever/images/product/a365e986bc44fb0d6da4c21f861d6656.256p.jpg"
"1784223383-9","https://uk.pcpartpicker.com/products/thermal-paste/","","Corsair TM30","Amount3 g","(44)","£9.48Add","(44)","Add","Amount","https://cdna.pcpartpicker.com/static/forever/images/product/14a3a5b1e8a59df6eea1e78e186c460b.256p.jpg","https://cdna.pcpartpicker.com/static/forever/images/product/14a3a5b1e8a59df6eea1e78e186c460b.256p.jpg"
"1784223383-10","https://uk.pcpartpicker.com/products/thermal-paste/","","Thermal Grizzly Duronaut","Amount2 g","(8)","£13.47Add","(8)","Add","Amount","https://cdna.pcpartpicker.com/static/forever/images/product/ed45f7cb870c9dd8de74f7c9398a68e6.256p.jpg","https://cdna.pcpartpicker.com/static/forever/images/product/ed45f7cb870c9dd8de74f7c9398a68e6.256p.jpg"
"1784223383-11","https://uk.pcpartpicker.com/products/thermal-paste/","","Thermal Grizzly Duronaut","Amount6 g","(2)","£14.99Add","(2)","Add","Amount","https://cdna.pcpartpicker.com/static/forever/images/product/7078ce8b4adb1e9f043d28192a9055df.256p.jpg","https://cdna.pcpartpicker.com/static/forever/images/product/7078ce8b4adb1e9f043d28192a9055df.256p.jpg"
"1784223383-12","https://uk.pcpartpicker.com/products/thermal-paste/","","ARCTIC MX-7 with MX Cleaner","Amount4 g","(2)","£5.99Add","(2)","Add","Amount","https://m.media-amazon.com/images/I/31yHHyXSBHL.jpg","https://m.media-amazon.com/images/I/31yHHyXSBHL.jpg"
"1784223383-13","https://uk.pcpartpicker.com/products/thermal-paste/","","Thermal Grizzly Polartherm X-8","Amount2 g","(0)","£1.99Add","(0)","Add","Amount","https://m.media-amazon.com/images/I/111MYhnFP3L.jpg","https://m.media-amazon.com/images/I/111MYhnFP3L.jpg"
"1784223383-14","https://uk.pcpartpicker.com/products/thermal-paste/","","Thermal Hero ULTRA with paste gun","Amount50 g","(0)","Add","(0)","Add","Amount","https://m.media-amazon.com/images/I/41l9FPZub1L.jpg","https://m.media-amazon.com/images/I/41l9FPZub1L.jpg"
"1784223383-15","https://uk.pcpartpicker.com/products/thermal-paste/","","Noctua NT-H1","Amount3.5 g","(150)","£15.46Add","(150)","Add","Amount","https://cdna.pcpartpicker.com/static/forever/images/product/043742a8a65ba42c83b9a3ba5a3c2d47.256p.jpg","https://cdna.pcpartpicker.com/static/forever/images/product/043742a8a65ba42c83b9a3ba5a3c2d47.256p.jpg"
"1784223383-16","https://uk.pcpartpicker.com/products/thermal-paste/","","Corsair XTM70","Amount3 g","(9)","£16.98Add","(9)","Add","Amount","https://cdna.pcpartpicker.com/static/forever/images/product/a44b079d6e5b02f134f8e61dd10882f6.256p.jpg","https://cdna.pcpartpicker.com/static/forever/images/product/a44b079d6e5b02f134f8e61dd10882f6.256p.jpg"
"1784223383-17","https://uk.pcpartpicker.com/products/thermal-paste/","","ARCTIC MX-7","Amount4 g","(0)","£5.50Add","(0)","Add","Amount","https://cdna.pcpartpicker.com/static/forever/images/product/6a079028542cb3df585329b8c88c3fd0.256p.jpg","https://cdna.pcpartpicker.com/static/forever/images/product/6a079028542cb3df585329b8c88c3fd0.256p.jpg"
"1784223383-18","https://uk.pcpartpicker.com/products/thermal-paste/","","Thermal Grizzly Conductonaut Extreme","Amount5 g","(1)","£39.95Add","(1)","Add","Amount","https://m.media-amazon.com/images/I/31QZKZAlfOL.jpg","https://m.media-amazon.com/images/I/31QZKZAlfOL.jpg"
"1784223383-19","https://uk.pcpartpicker.com/products/thermal-paste/","","ARCTIC MX-7","Amount2 g","(1)","£4.99Add","(1)","Add","Amount","https://cdna.pcpartpicker.com/static/forever/images/product/75972798acd6e2f2a292d45dcdfc930f.256p.jpg","https://cdna.pcpartpicker.com/static/forever/images/product/75972798acd6e2f2a292d45dcdfc930f.256p.jpg"
"1784223383-20","https://uk.pcpartpicker.com/products/thermal-paste/","","Noctua NT-H2 3.5g AM5 Edition","Amount3.5 g","(0)","£12.11Add","(0)","Add","Amount","https://cdna.pcpartpicker.com/static/forever/images/product/153c306184e7f1c3c6d35cd8a6acfa0a.256p.jpg","https://cdna.pcpartpicker.com/static/forever/images/product/153c306184e7f1c3c6d35cd8a6acfa0a.256p.jpg"
"1784223383-21","https://uk.pcpartpicker.com/products/thermal-paste/","","Arctic Silver Ceramique 2 Tri-Linear","Amount2.7 g","(17)","Add","(17)","Add","Amount","https://cdna.pcpartpicker.com/static/forever/images/product/54e4a7ef9d18d958e4c00ab368e1c6b5.256p.jpg","https://cdna.pcpartpicker.com/static/forever/images/product/54e4a7ef9d18d958e4c00ab368e1c6b5.256p.jpg"
"1784223383-22","https://uk.pcpartpicker.com/products/thermal-paste/","","ARCTIC MX-6","Amount8 g","(9)","£6.99Add","(9)","Add","Amount","https://cdna.pcpartpicker.com/static/forever/images/product/8658eee6db3cdf36b291e69d72890029.256p.jpg","https://cdna.pcpartpicker.com/static/forever/images/product/8658eee6db3cdf36b291e69d72890029.256p.jpg"
"1784223383-23","https://uk.pcpartpicker.com/products/thermal-paste/","","Thermal Grizzly Duronaut Pro","Amount30 g","(0)","£78.55Add","(0)","Add","Amount","https://m.media-amazon.com/images/I/31y18bF3wfL.jpg","https://m.media-amazon.com/images/I/31y18bF3wfL.jpg"
"1784223383-24","https://uk.pcpartpicker.com/products/thermal-paste/","","ARCTIC MX-6","Amount2 g","(10)","£4.99Add","(10)","Add","Amount","https://cdna.pcpartpicker.com/static/forever/images/product/3681993b0a4ab1f34d6443f7995ca535.256p.jpg","https://cdna.pcpartpicker.com/static/forever/images/product/3681993b0a4ab1f34d6443f7995ca535.256p.jpg"
"1784223383-25","https://uk.pcpartpicker.com/products/thermal-paste/","","Noctua NT-H2","Amount10 g","(20)","£30.46Add","(20)","Add","Amount","https://m.media-amazon.com/images/I/41rw-gPcVmL.jpg","https://m.media-amazon.com/images/I/41rw-gPcVmL.jpg"
"1784223383-26","https://uk.pcpartpicker.com/products/thermal-paste/","","ARCTIC MX-4","Amount4 g","(173)","£8.14Add","(173)","Add","Amount","https://cdna.pcpartpicker.com/static/forever/images/product/2998c52bf44e08b31ce96124cf4ff0b3.256p.jpg","https://cdna.pcpartpicker.com/static/forever/images/product/2998c52bf44e08b31ce96124cf4ff0b3.256p.jpg"
"1784223383-27","https://uk.pcpartpicker.com/products/thermal-paste/","","Thermal Grizzly Kryonaut","Amount5.5 g","(60)","£19.99Add","(60)","Add","Amount","https://cdna.pcpartpicker.com/static/forever/images/product/9ae9732ba2a13bade1b23e5cfaf698bf.256p.jpg","https://cdna.pcpartpicker.com/static/forever/images/product/9ae9732ba2a13bade1b23e5cfaf698bf.256p.jpg"
"1784223383-28","https://uk.pcpartpicker.com/products/thermal-paste/","","ARCTIC MX-4 w/ Spatula","Amount8 g","(1)","£6.99Add","(1)","Add","Amount","https://cdna.pcpartpicker.com/static/forever/images/product/f913de8a3eec1f7ef3f3cfb4e15cc223.256p.jpg","https://cdna.pcpartpicker.com/static/forever/images/product/f913de8a3eec1f7ef3f3cfb4e15cc223.256p.jpg"
"1784223383-29","https://uk.pcpartpicker.com/products/thermal-paste/","","ARCTIC MX-4 w/ Spatula","Amount4 g","(5)","£5.95Add","(5)","Add","Amount","https://cdna.pcpartpicker.com/static/forever/images/product/d756c1b1cae3360570e2a611485e51b2.256p.jpg","https://cdna.pcpartpicker.com/static/forever/images/product/d756c1b1cae3360570e2a611485e51b2.256p.jpg"
"1784223383-30","https://uk.pcpartpicker.com/products/thermal-paste/","","Thermal Grizzly Conductonaut Extreme","Amount1 g","(5)","£20.47Add","(5)","Add","Amount","https://cdna.pcpartpicker.com/static/forever/images/product/f14de6b7e7956b8ee95301511af4786f.256p.jpg","https://cdna.pcpartpicker.com/static/forever/images/product/f14de6b7e7956b8ee95301511af4786f.256p.jpg"
"1784223383-31","https://uk.pcpartpicker.com/products/thermal-paste/","","Thermalright TF9","Amount1.5 g","(0)","Add","(0)","Add","Amount","https://m.media-amazon.com/images/I/314ouVDd-dL.jpg","https://m.media-amazon.com/images/I/314ouVDd-dL.jpg"
"1784223383-32","https://uk.pcpartpicker.com/products/thermal-paste/","","Thermal Grizzly Polartherm X-8","Amount5 g","(0)","£3.95Add","(0)","Add","Amount","https://m.media-amazon.com/images/I/11dHJF2pZ4L.jpg","https://m.media-amazon.com/images/I/11dHJF2pZ4L.jpg"
"1784223383-33","https://uk.pcpartpicker.com/products/thermal-paste/","","Thermal Grizzly Aeronaut","Amount3.9 g","(4)","£9.95Add","(4)","Add","Amount","https://cdna.pcpartpicker.com/static/forever/images/product/c2677dd5177f559b8be347f2ca37181b.256p.jpg","https://cdna.pcpartpicker.com/static/forever/images/product/c2677dd5177f559b8be347f2ca37181b.256p.jpg"
"1784223383-34","https://uk.pcpartpicker.com/products/thermal-paste/","","Corsair XTM50","Amount5 g","(20)","£31.70Add","(20)","Add","Amount","https://cdna.pcpartpicker.com/static/forever/images/product/b9f4d59a1ef7680c36fa309dd509d23d.256p.jpg","https://cdna.pcpartpicker.com/static/forever/images/product/b9f4d59a1ef7680c36fa309dd509d23d.256p.jpg"
"1784223383-35","https://uk.pcpartpicker.com/products/thermal-paste/","","Asus ROG RG-07 KIT","Amount3 g","(0)","Add","(0)","Add","Amount","https://cdna.pcpartpicker.com/static/forever/images/product/70bd3cf9f5bd22965d9511f13aeedc38.256p.jpg","https://cdna.pcpartpicker.com/static/forever/images/product/70bd3cf9f5bd22965d9511f13aeedc38.256p.jpg"
"1784223383-36","https://uk.pcpartpicker.com/products/thermal-paste/","","ARCTIC MX-4 (2019)","Amount45 g","(0)","£18.99Add","(0)","Add","Amount","https://cdna.pcpartpicker.com/static/forever/images/product/c2900fee4303a331dba69e253775d7cf.256p.jpg","https://cdna.pcpartpicker.com/static/forever/images/product/c2900fee4303a331dba69e253775d7cf.256p.jpg"
"1784223383-37","https://uk.pcpartpicker.com/products/thermal-paste/","","Thermal Grizzly Kryonaut","Amount11.1 g","(2)","£35.25Add","(2)","Add","Amount","https://cdna.pcpartpicker.com/static/forever/images/product/5ccc690fb48aa92cf3ac496db6b8015b.256p.jpg","https://cdna.pcpartpicker.com/static/forever/images/product/5ccc690fb48aa92cf3ac496db6b8015b.256p.jpg"
"1784223383-38","https://uk.pcpartpicker.com/products/thermal-paste/","","Thermal Grizzly Polartherm X-10","Amount2 g","(0)","£2.50Add","(0)","Add","Amount","https://m.media-amazon.com/images/I/11PGZ02NfeL.jpg","https://m.media-amazon.com/images/I/11PGZ02NfeL.jpg"
"1784223383-39","https://uk.pcpartpicker.com/products/thermal-paste/","","Arctic Silver 5 High-Density Polysynthetic Silver","Amount12 g","(40)","£51.25Add","(40)","Add","Amount","https://cdna.pcpartpicker.com/static/forever/images/product/e479cf1259400827fe4ee4676de7f409.256p.jpg","https://cdna.pcpartpicker.com/static/forever/images/product/e479cf1259400827fe4ee4676de7f409.256p.jpg"
"1784223383-40","https://uk.pcpartpicker.com/products/thermal-paste/","","ARCTIC MX-4","Amount20 g","(8)","£11.49Add","(8)","Add","Amount","https://cdna.pcpartpicker.com/static/forever/images/product/463618012eea973a1f79662c0e7f1d29.256p.jpg","https://cdna.pcpartpicker.com/static/forever/images/product/463618012eea973a1f79662c0e7f1d29.256p.jpg"
"1784223383-41","https://uk.pcpartpicker.com/products/thermal-paste/","","Thermal Grizzly Duronaut Pro","Amount6 g","(0)","£29.99Add","(0)","Add","Amount","https://cdna.pcpartpicker.com/static/forever/images/product/d7fd96ded1782c1fb333b62ff5ec1699.256p.jpg","https://cdna.pcpartpicker.com/static/forever/images/product/d7fd96ded1782c1fb333b62ff5ec1699.256p.jpg"
"1784223383-42","https://uk.pcpartpicker.com/products/thermal-paste/","","Thermal Grizzly Duronaut Pro","Amount2 g","(0)","£24.47Add","(0)","Add","Amount","https://m.media-amazon.com/images/I/41pTxkE2l+L.jpg","https://m.media-amazon.com/images/I/41pTxkE2l+L.jpg"
"1784223383-43","https://uk.pcpartpicker.com/products/thermal-paste/","","Prolimatech PK-3 Nano Aluminum High-Grade","Amount1.5 g","(9)","£3.49Add","(9)","Add","Amount","https://cdna.pcpartpicker.com/static/forever/images/product/5c7f2d3299a63d51cbbbc39465c83f3d.256p.jpg","https://cdna.pcpartpicker.com/static/forever/images/product/5c7f2d3299a63d51cbbbc39465c83f3d.256p.jpg"
"1784223383-44","https://uk.pcpartpicker.com/products/thermal-paste/","","KINGPINcooling KPx","Amount30 g","(2)","Add","(2)","Add","Amount","https://m.media-amazon.com/images/I/31LcXQ-CxtL.jpg","https://m.media-amazon.com/images/I/31LcXQ-CxtL.jpg"
"1784223383-45","https://uk.pcpartpicker.com/products/thermal-paste/","","Thermal Hero QUANTUM","Amount50 g","(0)","Add","(0)","Add","Amount","https://m.media-amazon.com/images/I/21wocIv4E1L.jpg","https://m.media-amazon.com/images/I/21wocIv4E1L.jpg"
"1784223383-46","https://uk.pcpartpicker.com/products/thermal-paste/","","Prolimatech PK-Zero","Amount600 g","(0)","Add","(0)","Add","Amount","https://cdna.pcpartpicker.com/static/forever/images/product/84779660db3a09225f66c3067b0e62e5.256p.jpg","https://cdna.pcpartpicker.com/static/forever/images/product/84779660db3a09225f66c3067b0e62e5.256p.jpg"
"1784223383-47","https://uk.pcpartpicker.com/products/thermal-paste/","","Thermalright TF7","Amount2 g","(7)","Add","(7)","Add","Amount","https://m.media-amazon.com/images/I/31casKiIueL.jpg","https://m.media-amazon.com/images/I/31casKiIueL.jpg"
"1784223383-48","https://uk.pcpartpicker.com/products/thermal-paste/","","KINGPINcooling KPx","Amount1 g","(2)","Add","(2)","Add","Amount","https://m.media-amazon.com/images/I/312Mdxu-8HL.jpg","https://m.media-amazon.com/images/I/312Mdxu-8HL.jpg"
"1784223383-49","https://uk.pcpartpicker.com/products/thermal-paste/","","Thermal Hero METALLIQ","Amount5 g","(0)","£41.28Add","(0)","Add","Amount","https://m.media-amazon.com/images/I/31Q2jN4IrgL.jpg","https://m.media-amazon.com/images/I/31Q2jN4IrgL.jpg"
"1784223383-50","https://uk.pcpartpicker.com/products/thermal-paste/","","Thermal Grizzly Hydronaut","Amount3.9 g","(10)","£7.99Add","(10)","Add","Amount","https://cdna.pcpartpicker.com/static/forever/images/product/b2dd57132536560659b45258959fbbd9.256p.jpg","https://cdna.pcpartpicker.com/static/forever/images/product/b2dd57132536560659b45258959fbbd9.256p.jpg"
"1784223383-51","https://uk.pcpartpicker.com/products/thermal-paste/","","Thermal Grizzly Conductonaut","Amount1 g","(40)","£15.46Add","(40)","Add","Amount","https://cdna.pcpartpicker.com/static/forever/images/product/cebb7f029dc60b7c888ae5a3ee5f87ac.256p.jpg","https://cdna.pcpartpicker.com/static/forever/images/product/cebb7f029dc60b7c888ae5a3ee5f87ac.256p.jpg"
"1784223383-52","https://uk.pcpartpicker.com/products/thermal-paste/","","KINGPINcooling KPx","Amount10 g","(1)","Add","(1)","Add","Amount","https://m.media-amazon.com/images/I/31FwFh-pNAL.jpg","https://m.media-amazon.com/images/I/31FwFh-pNAL.jpg"
"1784223383-53","https://uk.pcpartpicker.com/products/thermal-paste/","","StarTech Metal Oxide","Amount1.5 g","(2)","£9.40Add","(2)","Add","Amount","https://cdna.pcpartpicker.com/static/forever/images/product/7592fd947177a18d364a459a5c2460b1.256p.jpg","https://cdna.pcpartpicker.com/static/forever/images/product/7592fd947177a18d364a459a5c2460b1.256p.jpg"
"1784223383-54","https://uk.pcpartpicker.com/products/thermal-paste/","","Asus ROG RG-07","Amount3 g","(1)","Out of stock£7.99Add","(1)","Add","Amount","https://m.media-amazon.com/images/I/21-ek+cmlUL.jpg","https://m.media-amazon.com/images/I/21-ek+cmlUL.jpg"
"1784223383-55","https://uk.pcpartpicker.com/products/thermal-paste/","","Gelid Solutions GC-Extreme","Amount3.5 g","(41)","Add","(41)","Add","Amount","https://cdna.pcpartpicker.com/static/forever/images/product/4fd9ec0bcb620d8511189071fbb70e7c.256p.jpg","https://cdna.pcpartpicker.com/static/forever/images/product/4fd9ec0bcb620d8511189071fbb70e7c.256p.jpg"
"1784223383-56","https://uk.pcpartpicker.com/products/thermal-paste/","","ARCTIC MX-4 (2019)","Amount8 g","(7)","£6.95Add","(7)","Add","Amount","https://cdna.pcpartpicker.com/static/forever/images/product/5adf27cb0ad6b509dba662a8a8dff253.256p.jpg","https://cdna.pcpartpicker.com/static/forever/images/product/5adf27cb0ad6b509dba662a8a8dff253.256p.jpg"
"1784223383-57","https://uk.pcpartpicker.com/products/thermal-paste/","","ID-COOLING Frost X45","Amount4 g","(3)","Add","(3)","Add","Amount","https://m.media-amazon.com/images/I/31HMLhmWNsL.jpg","https://m.media-amazon.com/images/I/31HMLhmWNsL.jpg"
"1784223383-58","https://uk.pcpartpicker.com/products/thermal-paste/","","Thermal Grizzly Polartherm X-10","Amount5 g","(1)","£4.99Add","(1)","Add","Amount","https://m.media-amazon.com/images/I/117svfF73LL.jpg","https://m.media-amazon.com/images/I/117svfF73LL.jpg"
"1784223383-59","https://uk.pcpartpicker.com/products/thermal-paste/","","ARCTIC MX-5","Amount4 g","(8)","Add","(8)","Add","Amount","https://m.media-amazon.com/images/I/310tLvYCxQL.jpg","https://m.media-amazon.com/images/I/310tLvYCxQL.jpg"
"1784223383-60","https://uk.pcpartpicker.com/products/thermal-paste/","","Prolimatech PK-3 Nano Aluminum High-Grade","Amount30 g","(1)","£39.95Add","(1)","Add","Amount","https://cdna.pcpartpicker.com/static/forever/images/product/e481d9ea681622e27a0ed77d9f530d28.256p.jpg","https://cdna.pcpartpicker.com/static/forever/images/product/e481d9ea681622e27a0ed77d9f530d28.256p.jpg"
"1784223383-61","https://uk.pcpartpicker.com/products/thermal-paste/","","Cooler Master HTK-002","Amount0.01 g","(13)","Add","(13)","Add","Amount","https://cdna.pcpartpicker.com/static/forever/images/product/2d4478615e2ccdda0a2ee242f07f05b1.256p.jpg","https://cdna.pcpartpicker.com/static/forever/images/product/2d4478615e2ccdda0a2ee242f07f05b1.256p.jpg"
"1784223383-62","https://uk.pcpartpicker.com/products/thermal-paste/","","be quiet! DC2","Amount3 g","(0)","£10.96Add","(0)","Add","Amount","https://cdna.pcpartpicker.com/static/forever/images/product/b95eacfc6fc1edbd0ba7426c57646a0d.256p.jpg","https://cdna.pcpartpicker.com/static/forever/images/product/b95eacfc6fc1edbd0ba7426c57646a0d.256p.jpg"
"1784223383-63","https://uk.pcpartpicker.com/products/thermal-paste/","","Thermal Hero ULTRA","Amount10 g","(0)","£13.13Add","(0)","Add","Amount","https://m.media-amazon.com/images/I/215XSxKlZaL.jpg","https://m.media-amazon.com/images/I/215XSxKlZaL.jpg"
"1784223383-64","https://uk.pcpartpicker.com/products/thermal-paste/","","Thermalright TF9","Amount2.9 g","(0)","Add","(0)","Add","Amount","https://m.media-amazon.com/images/I/31aiKvfFFdL.jpg","https://m.media-amazon.com/images/I/31aiKvfFFdL.jpg"
"1784223383-65","https://uk.pcpartpicker.com/products/thermal-paste/","","Cooler Master MasterGel Maker","Amount1.5 g","(3)","Add","(3)","Add","Amount","https://cdna.pcpartpicker.com/static/forever/images/product/cacd9ab9d6cf02358bc0e3349a67cfcb.256p.jpg","https://cdna.pcpartpicker.com/static/forever/images/product/cacd9ab9d6cf02358bc0e3349a67cfcb.256p.jpg"
"1784223383-66","https://uk.pcpartpicker.com/products/thermal-paste/","","Thermalright TF4","Amount1.5 g","(3)","£10.99Add","(3)","Add","Amount","https://cdna.pcpartpicker.com/static/forever/images/product/5733a2c34af6320e743e514909be14aa.256p.jpg","https://cdna.pcpartpicker.com/static/forever/images/product/5733a2c34af6320e743e514909be14aa.256p.jpg"
"1784223383-67","https://uk.pcpartpicker.com/products/thermal-paste/","","be quiet! C2 Pro","Amount1 g","(0)","£20.65Add","(0)","Add","Amount","https://cdna.pcpartpicker.com/static/forever/images/product/2318df69d6c692db6543b34b8e73cb05.256p.jpg","https://cdna.pcpartpicker.com/static/forever/images/product/2318df69d6c692db6543b34b8e73cb05.256p.jpg"
"1784223383-68","https://uk.pcpartpicker.com/products/thermal-paste/","","Thermal Grizzly Polartherm X-10","Amount40 g","(0)","£25.47Add","(0)","Add","Amount","https://m.media-amazon.com/images/I/21eVpsrlSHL.jpg","https://m.media-amazon.com/images/I/21eVpsrlSHL.jpg"
"1784223383-69","https://uk.pcpartpicker.com/products/thermal-paste/","","Cooler Master CryoFuze","Amount2 g","(5)","£9.11Add","(5)","Add","Amount","https://cdna.pcpartpicker.com/static/forever/images/product/a4137e68d3f55caa54903e170d4a2f96.256p.jpg","https://cdna.pcpartpicker.com/static/forever/images/product/a4137e68d3f55caa54903e170d4a2f96.256p.jpg"
"1784223383-70","https://uk.pcpartpicker.com/products/thermal-paste/","","Thermaltake CL-O004-GROSGM-A","Amount4 g","(9)","£18.86Add","(9)","Add","Amount","https://cdna.pcpartpicker.com/static/forever/images/product/b752cc19070815ec9475e9ab9528ba94.256p.jpg","https://cdna.pcpartpicker.com/static/forever/images/product/b752cc19070815ec9475e9ab9528ba94.256p.jpg"
"1784223383-71","https://uk.pcpartpicker.com/products/thermal-paste/","","Sunbeam Iceberg TS-IB","Amount1 g","(0)","Add","(0)","Add","Amount","https://cdna.pcpartpicker.com/static/forever/images/product/4e4794560c67fb4e92666870dc4fbc46.med.256p.jpg","https://cdna.pcpartpicker.com/static/forever/images/product/4e4794560c67fb4e92666870dc4fbc46.med.256p.jpg"
"1784223383-72","https://uk.pcpartpicker.com/products/thermal-paste/","","EVGA Frostbite 2","Amount2.5 g","(0)","Add","(0)","Add","Amount","https://cdna.pcpartpicker.com/static/forever/images/product/19647f4715746c038ab56d86850e048c.256p.jpg","https://cdna.pcpartpicker.com/static/forever/images/product/19647f4715746c038ab56d86850e048c.256p.jpg"
"1784223383-73","https://uk.pcpartpicker.com/products/thermal-paste/","","Thermaltake TG-30","Amount4 g","(0)","Add","(0)","Add","Amount","https://cdna.pcpartpicker.com/static/forever/images/product/c73b85b8c7f56a57536b2f28c8cf2b27.256p.jpg","https://cdna.pcpartpicker.com/static/forever/images/product/c73b85b8c7f56a57536b2f28c8cf2b27.256p.jpg"
"1784223383-74","https://uk.pcpartpicker.com/products/thermal-paste/","","ID-COOLING Frost X45","Amount2 g","(1)","Add","(1)","Add","Amount","https://m.media-amazon.com/images/I/31wwoC9MsmL.jpg","https://m.media-amazon.com/images/I/31wwoC9MsmL.jpg"
"1784223383-75","https://uk.pcpartpicker.com/products/thermal-paste/","","ARCTIC MX-2 2019 Edition","Amount4 g","(2)","Add","(2)","Add","Amount","https://cdna.pcpartpicker.com/static/forever/images/product/d8c79ef845bae9dd44a40cdfc56a33a9.256p.jpg","https://cdna.pcpartpicker.com/static/forever/images/product/d8c79ef845bae9dd44a40cdfc56a33a9.256p.jpg"
"1784223383-76","https://uk.pcpartpicker.com/products/thermal-paste/","","Thermal Hero NEO with paste gun","Amount50 g","(0)","£56.46Add","(0)","Add","Amount","https://m.media-amazon.com/images/I/41n8k6AJFFL.jpg","https://m.media-amazon.com/images/I/41n8k6AJFFL.jpg"
"1784223383-77","https://uk.pcpartpicker.com/products/thermal-paste/","","Thermal Hero ULTRA","Amount50 g","(0)","Add","(0)","Add","Amount","https://m.media-amazon.com/images/I/218afNesPyL.jpg","https://m.media-amazon.com/images/I/218afNesPyL.jpg"
"1784223383-78","https://uk.pcpartpicker.com/products/thermal-paste/","","Innovation Cooling Diamond ""7 Carat""","Amount1.5 g","(26)","Add","(26)","Add","Amount","https://m.media-amazon.com/images/I/41tELvNYdcL.jpg","https://m.media-amazon.com/images/I/41tELvNYdcL.jpg"
"1784223383-79","https://uk.pcpartpicker.com/products/thermal-paste/","","Thermalright TFX","Amount2 g","(1)","£18.98Add","(1)","Add","Amount","https://cdna.pcpartpicker.com/static/forever/images/product/5e419f1f097a6a43988da13e65090eea.256p.jpg","https://cdna.pcpartpicker.com/static/forever/images/product/5e419f1f097a6a43988da13e65090eea.256p.jpg"
"1784223383-80","https://uk.pcpartpicker.com/products/thermal-paste/","","Thermal Grizzly Polartherm X-10","Amount10 g","(1)","£8.99Add","(1)","Add","Amount","https://m.media-amazon.com/images/I/11K4Q3FlvYL.jpg","https://m.media-amazon.com/images/I/11K4Q3FlvYL.jpg"
"1784223383-81","https://uk.pcpartpicker.com/products/thermal-paste/","","Cooler Master CryoFuze Violet","Amount2 g","(0)","£10.25Add","(0)","Add","Amount","https://cdna.pcpartpicker.com/static/forever/images/product/4277f1a99896549c19c7bbe5e4a0bbd4.256p.jpg","https://cdna.pcpartpicker.com/static/forever/images/product/4277f1a99896549c19c7bbe5e4a0bbd4.256p.jpg"
"1784223383-82","https://uk.pcpartpicker.com/products/thermal-paste/","","Xilence ZUB-XPTP.X5","Amount3 g","(0)","£12.79Add","(0)","Add","Amount","https://m.media-amazon.com/images/I/21a6Gm36OxL.jpg","https://m.media-amazon.com/images/I/21a6Gm36OxL.jpg"
"1784223383-83","https://uk.pcpartpicker.com/products/thermal-paste/","","Deepcool Z5","Amount3 g","(5)","Add","(5)","Add","Amount","https://cdna.pcpartpicker.com/static/forever/images/product/2133b32205dfc4120a39d6148096d9c3.256p.jpg","https://cdna.pcpartpicker.com/static/forever/images/product/2133b32205dfc4120a39d6148096d9c3.256p.jpg"
"1784223383-84","https://uk.pcpartpicker.com/products/thermal-paste/","","Gelid Solutions GC-Extreme","Amount10 g","(4)","£21.49Add","(4)","Add","Amount","https://m.media-amazon.com/images/I/3138QeAkkwL.jpg","https://m.media-amazon.com/images/I/3138QeAkkwL.jpg"
"1784223383-85","https://uk.pcpartpicker.com/products/thermal-paste/","","Thermal Grizzly Polartherm X-8","Amount40 g","(0)","£7.56Add","(0)","Add","Amount","https://m.media-amazon.com/images/I/21-lVUAdsXL.jpg","https://m.media-amazon.com/images/I/21-lVUAdsXL.jpg"
"1784223383-86","https://uk.pcpartpicker.com/products/thermal-paste/","","ARCTIC MX-5 Incl. Spatula","Amount20 g","(0)","Add","(0)","Add","Amount","https://m.media-amazon.com/images/I/31fdZZaH5oL.jpg","https://m.media-amazon.com/images/I/31fdZZaH5oL.jpg"
"1784223383-87","https://uk.pcpartpicker.com/products/thermal-paste/","","Thermal Grizzly Polartherm X-8","Amount10 g","(0)","£5.99Add","(0)","Add","Amount","https://m.media-amazon.com/images/I/114tCYpqu1L.jpg","https://m.media-amazon.com/images/I/114tCYpqu1L.jpg"
"1784223383-88","https://uk.pcpartpicker.com/products/thermal-paste/","","Arctic Silver Arctic Alumina Premium Ceramic Polysynthetic","Amount1.75 g","(14)","Add","(14)","Add","Amount","https://m.media-amazon.com/images/I/31eVcxcpbGL.jpg","https://m.media-amazon.com/images/I/31eVcxcpbGL.jpg"
"1784223383-89","https://uk.pcpartpicker.com/products/thermal-paste/","","Zalman STC9","Amount4 g","(0)","Add","(0)","Add","Amount","https://cdna.pcpartpicker.com/static/forever/images/product/827c5c5fbf91513d50c4f79fd3c10cf2.256p.jpg","https://cdna.pcpartpicker.com/static/forever/images/product/827c5c5fbf91513d50c4f79fd3c10cf2.256p.jpg"
"1784223383-90","https://uk.pcpartpicker.com/products/thermal-paste/","","Cooler Master IceFusion","Amount200 g","(1)","Add","(1)","Add","Amount","https://m.media-amazon.com/images/I/41feQEJJuzL.jpg","https://m.media-amazon.com/images/I/41feQEJJuzL.jpg"
"1784223383-91","https://uk.pcpartpicker.com/products/thermal-paste/","","Coollaboratory Liquid Ultra","Amount0.15 g","(8)","Add","(8)","Add","Amount","https://cdna.pcpartpicker.com/static/forever/images/product/ce5648e4dffc71e41a854739feccd344.med.256p.jpg","https://cdna.pcpartpicker.com/static/forever/images/product/ce5648e4dffc71e41a854739feccd344.med.256p.jpg"
"1784223383-92","https://uk.pcpartpicker.com/products/thermal-paste/","","Thermaltake CL-O002-GROSGM-A","Amount40 g","(1)","Add","(1)","Add","Amount","https://m.media-amazon.com/images/I/310IfqGKNsL.jpg","https://m.media-amazon.com/images/I/310IfqGKNsL.jpg"
"1784223383-93","https://uk.pcpartpicker.com/products/thermal-paste/","","be quiet! DC1","Amount3 g","(0)","Add","(0)","Add","Amount","https://cdna.pcpartpicker.com/static/forever/images/product/3858d0f1d598116cf07f4023c63e6c40.256p.jpg","https://cdna.pcpartpicker.com/static/forever/images/product/3858d0f1d598116cf07f4023c63e6c40.256p.jpg"
"1784223383-94","https://uk.pcpartpicker.com/products/thermal-paste/","","Deepcool DP-TIM-Z10-1","Amount5 g","(1)","Add","(1)","Add","Amount","https://cdna.pcpartpicker.com/static/forever/images/product/23100ae556c87430928f532d4f90542d.256p.jpg","https://cdna.pcpartpicker.com/static/forever/images/product/23100ae556c87430928f532d4f90542d.256p.jpg"
"1784223383-95","https://uk.pcpartpicker.com/products/thermal-paste/","","Thermaltake TG-50","Amount4 g","(0)","Add","(0)","Add","Amount","https://cdna.pcpartpicker.com/static/forever/images/product/f3fbaa3f9ab0021a3c58844e59759691.256p.jpg","https://cdna.pcpartpicker.com/static/forever/images/product/f3fbaa3f9ab0021a3c58844e59759691.256p.jpg"
"1784223383-96","https://uk.pcpartpicker.com/products/thermal-paste/","","Scythe Thermal Elixer 2","Amount5 g","(0)","Add","(0)","Add","Amount","https://m.media-amazon.com/images/I/31DwZpHblNL.jpg","https://m.media-amazon.com/images/I/31DwZpHblNL.jpg"
"1784223383-97","https://uk.pcpartpicker.com/products/thermal-paste/","","Thermal Hero NEO","Amount10 g","(0)","Add","(0)","Add","Amount","https://m.media-amazon.com/images/I/21JkCxQqUEL.jpg","https://m.media-amazon.com/images/I/21JkCxQqUEL.jpg"
"1784223383-98","https://uk.pcpartpicker.com/products/thermal-paste/","","Thermal Hero QUANTUM","Amount4 g","(0)","Add","(0)","Add","Amount","https://m.media-amazon.com/images/I/21OcQ064JJL.jpg","https://m.media-amazon.com/images/I/21OcQ064JJL.jpg"
"1784223383-99","https://uk.pcpartpicker.com/products/thermal-paste/","","Prolimatech PK-2 Nano Aluminum High-Grade","Amount30 g","(0)","£24.98Add","(0)","Add","Amount","https://cdna.pcpartpicker.com/static/forever/images/product/cc0f8e7471d364437696eb9623b756b5.256p.jpg","https://cdna.pcpartpicker.com/static/forever/images/product/cc0f8e7471d364437696eb9623b756b5.256p.jpg"
"1784223383-100","https://uk.pcpartpicker.com/products/thermal-paste/","","Masscool Stars-700","Amount0.5 g","(0)","£26.26Add","(0)","Add","Amount","https://cdna.pcpartpicker.com/static/forever/images/product/6e52d30ccac413ae4410535933c51184.256p.jpg","https://cdna.pcpartpicker.com/static/forever/images/product/6e52d30ccac413ae4410535933c51184.256p.jpg"
"1784223385-101","https://uk.pcpartpicker.com/products/thermal-paste/","https://uk.pcpartpicker.com/products/thermal-paste/#page=3","Iceberg Thermal FUZEIce Plus","Amount3.5 g","(0)","Add","(0)","Add","Amount","https://cdna.pcpartpicker.com/static/forever/images/product/1cd0c5d7e64d4884f792322dfa165030.256p.jpg","https://cdna.pcpartpicker.com/static/forever/images/product/1cd0c5d7e64d4884f792322dfa165030.256p.jpg"
"1784223385-102","https://uk.pcpartpicker.com/products/thermal-paste/","https://uk.pcpartpicker.com/products/thermal-paste/#page=3","Gelid Solutions GC-4","Amount1 g","(1)","Add","(1)","Add","Amount","https://uk.pcpartpicker.com/static/forever/img/no-image.png",""
"1784223385-103","https://uk.pcpartpicker.com/products/thermal-paste/","https://uk.pcpartpicker.com/products/thermal-paste/#page=3","Gelid Solutions GC-4","Amount3.5 g","(0)","Add","(0)","Add","Amount","https://cdna.pcpartpicker.com/static/forever/images/product/3afc99385af15c20e779085045f2ba29.256p.jpg","https://cdna.pcpartpicker.com/static/forever/images/product/3afc99385af15c20e779085045f2ba29.256p.jpg"
"1784223385-104","https://uk.pcpartpicker.com/products/thermal-paste/","https://uk.pcpartpicker.com/products/thermal-paste/#page=3","Gelid Solutions GC-Extreme","Amount3.5 g","(0)","Add","(0)","Add","Amount","https://uk.pcpartpicker.com/static/forever/img/no-image.png",""
"1784223385-105","https://uk.pcpartpicker.com/products/thermal-paste/","https://uk.pcpartpicker.com/products/thermal-paste/#page=3","Gelid Solutions GC-Extreme","Amount10 g","(0)","Add","(0)","Add","Amount","https://cdna.pcpartpicker.com/static/forever/images/product/ea8d4a389ec1d8dd817245c9a1f2d44e.256p.jpg","https://cdna.pcpartpicker.com/static/forever/images/product/ea8d4a389ec1d8dd817245c9a1f2d44e.256p.jpg"
"1784223385-106","https://uk.pcpartpicker.com/products/thermal-paste/","https://uk.pcpartpicker.com/products/thermal-paste/#page=3","Deepcool EX750","Amount3 g","(0)","Add","(0)","Add","Amount","https://uk.pcpartpicker.com/static/forever/img/no-image.png",""
"1784223385-107","https://uk.pcpartpicker.com/products/thermal-paste/","https://uk.pcpartpicker.com/products/thermal-paste/#page=3","Deepcool EX750","Amount5 g","(0)","Add","(0)","Add","Amount","https://uk.pcpartpicker.com/static/forever/img/no-image.png",""
"1784223385-108","https://uk.pcpartpicker.com/products/thermal-paste/","https://uk.pcpartpicker.com/products/thermal-paste/#page=3","Enermax ETC521","Amount3 g","(0)","Add","(0)","Add","Amount","https://cdna.pcpartpicker.com/static/forever/images/product/37ceedb39269289bc5fd1983b081ad35.256p.jpg","https://cdna.pcpartpicker.com/static/forever/images/product/37ceedb39269289bc5fd1983b081ad35.256p.jpg"
"1784223385-109","https://uk.pcpartpicker.com/products/thermal-paste/","https://uk.pcpartpicker.com/products/thermal-paste/#page=3","YEYIAN YCT-PHTC-01","Amount2 g","(0)","Add","(0)","Add","Amount","https://uk.pcpartpicker.com/static/forever/img/no-image.png",""
"1784223385-110","https://uk.pcpartpicker.com/products/thermal-paste/","https://uk.pcpartpicker.com/products/thermal-paste/#page=3","Thermalright TF8 EX","Amount1.5 g","(0)","Add","(0)","Add","Amount","https://uk.pcpartpicker.com/static/forever/img/no-image.png",""
"1784223385-111","https://uk.pcpartpicker.com/products/thermal-paste/","https://uk.pcpartpicker.com/products/thermal-paste/#page=3","Thermalright TF8 EX","Amount2.9 g","(0)","Add","(0)","Add","Amount","https://uk.pcpartpicker.com/static/forever/img/no-image.png",""
"1784223385-112","https://uk.pcpartpicker.com/products/thermal-paste/","https://uk.pcpartpicker.com/products/thermal-paste/#page=3","Scythe Thermal Elixer G","Amount3.5 g","(0)","Add","(0)","Add","Amount","https://m.media-amazon.com/images/I/21NhfUgsMxL.jpg","https://m.media-amazon.com/images/I/21NhfUgsMxL.jpg"
"1784223385-113","https://uk.pcpartpicker.com/products/thermal-paste/","https://uk.pcpartpicker.com/products/thermal-paste/#page=3","Xilence ZUB-XPTP","Amount1.5 g","(0)","£12.58Add","(0)","Add","Amount","https://m.media-amazon.com/images/I/21wOpBIZXKL.jpg","https://m.media-amazon.com/images/I/21wOpBIZXKL.jpg"
"1784223385-114","https://uk.pcpartpicker.com/products/thermal-paste/","https://uk.pcpartpicker.com/products/thermal-paste/#page=3","Thermal Hero NEO","Amount2 g","(0)","Add","(0)","Add","Amount","https://uk.pcpartpicker.com/static/forever/img/no-image.png",""
"1784223385-115","https://uk.pcpartpicker.com/products/thermal-paste/","https://uk.pcpartpicker.com/products/thermal-paste/#page=3","Thermal Hero NEO","Amount4 g","(0)","Add","(0)","Add","Amount","https://m.media-amazon.com/images/I/31Hn84v639L.jpg","https://m.media-amazon.com/images/I/31Hn84v639L.jpg"
"1784223385-116","https://uk.pcpartpicker.com/products/thermal-paste/","https://uk.pcpartpicker.com/products/thermal-paste/#page=3","Thermal Hero ULTRA","Amount2 g","(0)","Add","(0)","Add","Amount","https://m.media-amazon.com/images/I/31pkiO1WN-L.jpg","https://m.media-amazon.com/images/I/31pkiO1WN-L.jpg"
"1784223385-117","https://uk.pcpartpicker.com/products/thermal-paste/","https://uk.pcpartpicker.com/products/thermal-paste/#page=3","Thermal Hero QUANTUM with paste gun","Amount50 g","(0)","Add","(0)","Add","Amount","https://uk.pcpartpicker.com/static/forever/img/no-image.png",""
"1784223385-118","https://uk.pcpartpicker.com/products/thermal-paste/","https://uk.pcpartpicker.com/products/thermal-paste/#page=3","Thermal Hero METALLIQ","Amount1 g","(0)","Add","(0)","Add","Amount","https://m.media-amazon.com/images/I/31Q2jN4IrgL.jpg","https://m.media-amazon.com/images/I/31Q2jN4IrgL.jpg"
"1784223389-119","https://uk.pcpartpicker.com/products/thermal-paste/","https://uk.pcpartpicker.com/products/thermal-paste/#page=2","ARCTIC MX-4","Amount20 g","(18)","£18.96Add","(18)","Add","Amount","https://cdna.pcpartpicker.com/static/forever/images/product/8f5b161d7579a79d61c04413994f508b.256p.jpg","https://cdna.pcpartpicker.com/static/forever/images/product/8f5b161d7579a79d61c04413994f508b.256p.jpg"
"1784223389-120","https://uk.pcpartpicker.com/products/thermal-paste/","https://uk.pcpartpicker.com/products/thermal-paste/#page=2","Prolimatech PK-1","Amount30 g","(0)","£53.64Add","(0)","Add","Amount","https://m.media-amazon.com/images/I/41UFFSjIp2L.jpg","https://m.media-amazon.com/images/I/41UFFSjIp2L.jpg"
"1784223389-121","https://uk.pcpartpicker.com/products/thermal-paste/","https://uk.pcpartpicker.com/products/thermal-paste/#page=2","Antec Formula 7 Nano Diamond","Amount4 g","(24)","Add","(24)","Add","Amount","https://m.media-amazon.com/images/I/41mMgvFbyCL.jpg","https://m.media-amazon.com/images/I/41mMgvFbyCL.jpg"
"1784223389-122","https://uk.pcpartpicker.com/products/thermal-paste/","https://uk.pcpartpicker.com/products/thermal-paste/#page=2","TUNIQ TX-4 Extreme Performance","Amount1 g","(3)","Add","(3)","Add","Amount","https://m.media-amazon.com/images/I/31XvOchS66L.jpg","https://m.media-amazon.com/images/I/31XvOchS66L.jpg"
"1784223389-123","https://uk.pcpartpicker.com/products/thermal-paste/","https://uk.pcpartpicker.com/products/thermal-paste/#page=2","Prolimatech PK-1","Amount5 g","(4)","£8.99Add","(4)","Add","Amount","https://cdna.pcpartpicker.com/static/forever/images/product/0dc6c8b0c1aa93747c81e97cf71cc95e.256p.jpg","https://cdna.pcpartpicker.com/static/forever/images/product/0dc6c8b0c1aa93747c81e97cf71cc95e.256p.jpg"
"1784223389-124","https://uk.pcpartpicker.com/products/thermal-paste/","https://uk.pcpartpicker.com/products/thermal-paste/#page=2","Prolimatech PK-2 Nano Aluminum High-Grade","Amount1.5 g","(1)","£2.99Add","(1)","Add","Amount","https://cdna.pcpartpicker.com/static/forever/images/product/78f1013586fec61e8217a1b936ccfd7f.256p.jpg","https://cdna.pcpartpicker.com/static/forever/images/product/78f1013586fec61e8217a1b936ccfd7f.256p.jpg"
"1784223389-125","https://uk.pcpartpicker.com/products/thermal-paste/","https://uk.pcpartpicker.com/products/thermal-paste/#page=2","Thermalright Chill Factor 3","Amount4 g","(1)","£8.75Add","(1)","Add","Amount","https://images-na.ssl-images-amazon.com/images/I/51kkeq9FnIL.jpg","https://images-na.ssl-images-amazon.com/images/I/51kkeq9FnIL.jpg"
"1784223389-126","https://uk.pcpartpicker.com/products/thermal-paste/","https://uk.pcpartpicker.com/products/thermal-paste/#page=2","Thermalright TF8","Amount2 g","(1)","Add","(1)","Add","Amount","https://m.media-amazon.com/images/I/31ndH33FxsL.jpg","https://m.media-amazon.com/images/I/31ndH33FxsL.jpg"
"1784223389-127","https://uk.pcpartpicker.com/products/thermal-paste/","https://uk.pcpartpicker.com/products/thermal-paste/#page=2","ARCTIC MX-5","Amount8 g","(1)","Add","(1)","Add","Amount","https://m.media-amazon.com/images/I/31P9r6ep8YL.jpg","https://m.media-amazon.com/images/I/31P9r6ep8YL.jpg"
"1784223389-128","https://uk.pcpartpicker.com/products/thermal-paste/","https://uk.pcpartpicker.com/products/thermal-paste/#page=2","ARCTIC MX-5 Incl. Spatula","Amount8 g","(1)","Add","(1)","Add","Amount","https://m.media-amazon.com/images/I/41jHQ3R7ILL.jpg","https://m.media-amazon.com/images/I/41jHQ3R7ILL.jpg"
"1784223389-129","https://uk.pcpartpicker.com/products/thermal-paste/","https://uk.pcpartpicker.com/products/thermal-paste/#page=2","NZXT High-performance","Amount15 g","(0)","Add","(0)","Add","Amount","https://cdna.pcpartpicker.com/static/forever/images/product/e0ce9336eb1e60057066ed6a4a62f267.256p.jpg","https://cdna.pcpartpicker.com/static/forever/images/product/e0ce9336eb1e60057066ed6a4a62f267.256p.jpg"
"1784223389-130","https://uk.pcpartpicker.com/products/thermal-paste/","https://uk.pcpartpicker.com/products/thermal-paste/#page=2","ARCTIC MX-2","Amount8 g","(0)","Add","(0)","Add","Amount","https://cdna.pcpartpicker.com/static/forever/images/product/96ad135c464ef1b930ef98afa06855e6.256p.jpg","https://cdna.pcpartpicker.com/static/forever/images/product/96ad135c464ef1b930ef98afa06855e6.256p.jpg"
"1784223389-131","https://uk.pcpartpicker.com/products/thermal-paste/","https://uk.pcpartpicker.com/products/thermal-paste/#page=2","ARCTIC MX-4 (2019)","Amount2 g","(0)","Add","(0)","Add","Amount","https://m.media-amazon.com/images/I/31-isc+IYYL.jpg","https://m.media-amazon.com/images/I/31-isc+IYYL.jpg"
"1784223389-132","https://uk.pcpartpicker.com/products/thermal-paste/","https://uk.pcpartpicker.com/products/thermal-paste/#page=2","Prolimatech PK-3 Nano Aluminum High-Grade","Amount5 g","(5)","£8.99Add","(5)","Add","Amount","https://cdna.pcpartpicker.com/static/forever/images/product/9e2260ebd050bf84b2318d1ca6a647e9.256p.jpg","https://cdna.pcpartpicker.com/static/forever/images/product/9e2260ebd050bf84b2318d1ca6a647e9.256p.jpg"
"1784223389-133","https://uk.pcpartpicker.com/products/thermal-paste/","https://uk.pcpartpicker.com/products/thermal-paste/#page=2","StarTech HeatGrease","Amount20 g","(0)","£10.62Add","(0)","Add","Amount","https://cdna.pcpartpicker.com/static/forever/images/product/1ab0be4f48df9c064983f55399c15062.256p.jpg","https://cdna.pcpartpicker.com/static/forever/images/product/1ab0be4f48df9c064983f55399c15062.256p.jpg"
"1784223389-134","https://uk.pcpartpicker.com/products/thermal-paste/","https://uk.pcpartpicker.com/products/thermal-paste/#page=2","Cooler Master MasterGel Pro","Amount1.5 g","(3)","Add","(3)","Add","Amount","https://cdna.pcpartpicker.com/static/forever/images/product/bec334e8556c8bc85ea12892f75fbddd.256p.jpg","https://cdna.pcpartpicker.com/static/forever/images/product/bec334e8556c8bc85ea12892f75fbddd.256p.jpg"
"1784223389-135","https://uk.pcpartpicker.com/products/thermal-paste/","https://uk.pcpartpicker.com/products/thermal-paste/#page=2","Zalman STC8","Amount1.5 g","(0)","£2.95Add","(0)","Add","Amount","https://m.media-amazon.com/images/I/312oOBHd5jL.jpg","https://m.media-amazon.com/images/I/312oOBHd5jL.jpg"
"1784223389-136","https://uk.pcpartpicker.com/products/thermal-paste/","https://uk.pcpartpicker.com/products/thermal-paste/#page=2","Thermal Hero NEO","Amount50 g","(0)","Add","(0)","Add","Amount","https://m.media-amazon.com/images/I/21W2C+wu2lL.jpg","https://m.media-amazon.com/images/I/21W2C+wu2lL.jpg"
"1784223389-137","https://uk.pcpartpicker.com/products/thermal-paste/","https://uk.pcpartpicker.com/products/thermal-paste/#page=2","Thermal Hero ULTRA","Amount4 g","(0)","Add","(0)","Add","Amount","https://m.media-amazon.com/images/I/218tePZPx7L.jpg","https://m.media-amazon.com/images/I/218tePZPx7L.jpg"
"1784223389-138","https://uk.pcpartpicker.com/products/thermal-paste/","https://uk.pcpartpicker.com/products/thermal-paste/#page=2","Arctic Silver Ceramique 2 Tri-Linear","Amount25 g","(8)","Add","(8)","Add","Amount","https://cdna.pcpartpicker.com/static/forever/images/product/e3c2b108f570385f0b3d642c35ffd8bd.256p.jpg","https://cdna.pcpartpicker.com/static/forever/images/product/e3c2b108f570385f0b3d642c35ffd8bd.256p.jpg"
"1784223389-139","https://uk.pcpartpicker.com/products/thermal-paste/","https://uk.pcpartpicker.com/products/thermal-paste/#page=2","ARCTIC MX-2","Amount65 g","(5)","Add","(5)","Add","Amount","https://m.media-amazon.com/images/I/31lkO54uzwL.jpg","https://m.media-amazon.com/images/I/31lkO54uzwL.jpg"
"1784223389-140","https://uk.pcpartpicker.com/products/thermal-paste/","https://uk.pcpartpicker.com/products/thermal-paste/#page=2","Xigmatek PTI-G3606","Amount3 g","(0)","Add","(0)","Add","Amount","https://images-na.ssl-images-amazon.com/images/I/31slb4LzR2L.jpg","https://images-na.ssl-images-amazon.com/images/I/31slb4LzR2L.jpg"
"1784223389-141","https://uk.pcpartpicker.com/products/thermal-paste/","https://uk.pcpartpicker.com/products/thermal-paste/#page=2","Biostar TC-DIAMOND","Amount1.5 g","(0)","Add","(0)","Add","Amount","https://images-na.ssl-images-amazon.com/images/I/412tZ8Ne3zL.jpg","https://images-na.ssl-images-amazon.com/images/I/412tZ8Ne3zL.jpg"
"1784223389-142","https://uk.pcpartpicker.com/products/thermal-paste/","https://uk.pcpartpicker.com/products/thermal-paste/#page=2","Coollaboratory Liquid Pro","Amount0.15 g","(4)","Add","(4)","Add","Amount","https://cdna.pcpartpicker.com/static/forever/images/product/efc8db79bdcca1827c0baa21ac7b611f.256p.jpg","https://cdna.pcpartpicker.com/static/forever/images/product/efc8db79bdcca1827c0baa21ac7b611f.256p.jpg"
"1784223389-143","https://uk.pcpartpicker.com/products/thermal-paste/","https://uk.pcpartpicker.com/products/thermal-paste/#page=2","Antec 77064","Amount1 g","(2)","Add","(2)","Add","Amount","https://cdna.pcpartpicker.com/static/forever/images/product/4a3579cd620ce2a9ec8f44abb78fac2e.256p.jpg","https://cdna.pcpartpicker.com/static/forever/images/product/4a3579cd620ce2a9ec8f44abb78fac2e.256p.jpg"
"1784223389-144","https://uk.pcpartpicker.com/products/thermal-paste/","https://uk.pcpartpicker.com/products/thermal-paste/#page=2","Thermaltake CL-O001-GROSGM-A","Amount1.5 g","(0)","Add","(0)","Add","Amount","https://cdna.pcpartpicker.com/static/forever/images/product/aaa542ea55dc69bfa9268e055acbb429.256p.jpg","https://cdna.pcpartpicker.com/static/forever/images/product/aaa542ea55dc69bfa9268e055acbb429.256p.jpg"
"1784223389-145","https://uk.pcpartpicker.com/products/thermal-paste/","https://uk.pcpartpicker.com/products/thermal-paste/#page=2","Prolimatech PK-Zero","Amount300 g","(0)","Add","(0)","Add","Amount","https://cdna.pcpartpicker.com/static/forever/images/product/a4023dfb4a09303c9920db2730de7683.256p.jpg","https://cdna.pcpartpicker.com/static/forever/images/product/a4023dfb4a09303c9920db2730de7683.256p.jpg"
"1784223389-146","https://uk.pcpartpicker.com/products/thermal-paste/","https://uk.pcpartpicker.com/products/thermal-paste/#page=2","ARCTIC MX-2","Amount65 g","(0)","Add","(0)","Add","Amount","https://cdna.pcpartpicker.com/static/forever/images/product/64c36323c92fe037c22152691627d7f4.256p.jpg","https://cdna.pcpartpicker.com/static/forever/images/product/64c36323c92fe037c22152691627d7f4.256p.jpg"
"1784223389-147","https://uk.pcpartpicker.com/products/thermal-paste/","https://uk.pcpartpicker.com/products/thermal-paste/#page=2","Cooler Master IC ESSENTIAL E1","Amount3.75 g","(0)","Add","(0)","Add","Amount","https://cdna.pcpartpicker.com/static/forever/images/product/ca4cb3293f20ff6ff30636dbfa4993ed.256p.jpg","https://cdna.pcpartpicker.com/static/forever/images/product/ca4cb3293f20ff6ff30636dbfa4993ed.256p.jpg"
"1784223389-148","https://uk.pcpartpicker.com/products/thermal-paste/","https://uk.pcpartpicker.com/products/thermal-paste/#page=2","NOX Thermal 880","Amount23 g","(0)","£28.27Add","(0)","Add","Amount","https://cdna.pcpartpicker.com/static/forever/images/product/edee95fd99799de6127756e21e75642c.256p.jpg","https://cdna.pcpartpicker.com/static/forever/images/product/edee95fd99799de6127756e21e75642c.256p.jpg"
"1784223389-149","https://uk.pcpartpicker.com/products/thermal-paste/","https://uk.pcpartpicker.com/products/thermal-paste/#page=2","Akasa AK-TCW-03","Amount5 g","(0)","£11.25Add","(0)","Add","Amount","https://cdna.pcpartpicker.com/static/forever/images/product/c65961376ec167a05f96056bbe7aa05a.256p.jpg","https://cdna.pcpartpicker.com/static/forever/images/product/c65961376ec167a05f96056bbe7aa05a.256p.jpg"
"1784223389-150","https://uk.pcpartpicker.com/products/thermal-paste/","https://uk.pcpartpicker.com/products/thermal-paste/#page=2","ARCTIC MX-5","Amount20 g","(0)","Add","(0)","Add","Amount","https://m.media-amazon.com/images/I/31pVSnLL4RL.jpg","https://m.media-amazon.com/images/I/31pVSnLL4RL.jpg"
"1784223389-151","https://uk.pcpartpicker.com/products/thermal-paste/","https://uk.pcpartpicker.com/products/thermal-paste/#page=2","EK EK-TIM Ectotherm","Amount5 g","(1)","Add","(1)","Add","Amount","https://cdna.pcpartpicker.com/static/forever/images/product/f138c6b56d0a76d76d2ae379ea9864aa.256p.jpg","https://cdna.pcpartpicker.com/static/forever/images/product/f138c6b56d0a76d76d2ae379ea9864aa.256p.jpg"
"1784223389-152","https://uk.pcpartpicker.com/products/thermal-paste/","https://uk.pcpartpicker.com/products/thermal-paste/#page=2","Iceberg Thermal FUZEIce Plus","Amount7 g","(0)","Add","(0)","Add","Amount","https://cdna.pcpartpicker.com/static/forever/images/product/32fec3dd2662c57bdf49ecaa6e542b68.256p.jpg","https://cdna.pcpartpicker.com/static/forever/images/product/32fec3dd2662c57bdf49ecaa6e542b68.256p.jpg"
"1784223389-153","https://uk.pcpartpicker.com/products/thermal-paste/","https://uk.pcpartpicker.com/products/thermal-paste/#page=2","NZXT High-performance","Amount3 g","(0)","Add","(0)","Add","Amount","https://cdna.pcpartpicker.com/static/forever/images/product/64fec5cede25a54a4c221f1d0a19c91e.256p.jpg","https://cdna.pcpartpicker.com/static/forever/images/product/64fec5cede25a54a4c221f1d0a19c91e.256p.jpg"
"1784223389-154","https://uk.pcpartpicker.com/products/thermal-paste/","https://uk.pcpartpicker.com/products/thermal-paste/#page=2","Gelid Solutions GC-4","Amount10 g","(0)","£15.49Add","(0)","Add","Amount","https://cdna.pcpartpicker.com/static/forever/images/product/f192e377685c2e8602e79f0c8166b3cb.256p.jpg","https://cdna.pcpartpicker.com/static/forever/images/product/f192e377685c2e8602e79f0c8166b3cb.256p.jpg"
"1784223389-155","https://uk.pcpartpicker.com/products/thermal-paste/","https://uk.pcpartpicker.com/products/thermal-paste/#page=2","Gelid Solutions GC-Extreme","Amount1 g","(0)","Add","(0)","Add","Amount","https://cdna.pcpartpicker.com/static/forever/images/product/284ff1b5a47462a6989f988d3c30b968.256p.jpg","https://cdna.pcpartpicker.com/static/forever/images/product/284ff1b5a47462a6989f988d3c30b968.256p.jpg"
"1784223389-156","https://uk.pcpartpicker.com/products/thermal-paste/","https://uk.pcpartpicker.com/products/thermal-paste/#page=2","Deepcool DM9","Amount1.5 g","(0)","Add","(0)","Add","Amount","https://cdna.pcpartpicker.com/static/forever/images/product/f606599cef4396904bcad18a6a80a7e2.256p.jpg","https://cdna.pcpartpicker.com/static/forever/images/product/f606599cef4396904bcad18a6a80a7e2.256p.jpg"
"1784223389-157","https://uk.pcpartpicker.com/products/thermal-paste/","https://uk.pcpartpicker.com/products/thermal-paste/#page=2","Deepcool DM9","Amount4 g","(0)","Add","(0)","Add","Amount","https://cdna.pcpartpicker.com/static/forever/images/product/093de864b6ae86b1c6ff81551ee4b816.256p.jpg","https://cdna.pcpartpicker.com/static/forever/images/product/093de864b6ae86b1c6ff81551ee4b816.256p.jpg"
"1784223389-158","https://uk.pcpartpicker.com/products/thermal-paste/","https://uk.pcpartpicker.com/products/thermal-paste/#page=2","Thermal Hero QUANTUM","Amount1 g","(0)","Add","(0)","Add","Amount","https://m.media-amazon.com/images/I/21bORTHSxUL.jpg","https://m.media-amazon.com/images/I/21bORTHSxUL.jpg"
"1784223389-159","https://uk.pcpartpicker.com/products/thermal-paste/","https://uk.pcpartpicker.com/products/thermal-paste/#page=2","Thermal Hero QUANTUM","Amount2 g","(0)","Add","(0)","Add","Amount","https://m.media-amazon.com/images/I/21m8SfubICL.jpg","https://m.media-amazon.com/images/I/21m8SfubICL.jpg"
"1784223389-160","https://uk.pcpartpicker.com/products/thermal-paste/","https://uk.pcpartpicker.com/products/thermal-paste/#page=2","Thermal Hero QUANTUM","Amount10 g","(0)","Add","(0)","Add","Amount","https://m.media-amazon.com/images/I/21UE8GLs1bL.jpg","https://m.media-amazon.com/images/I/21UE8GLs1bL.jpg"
"1784223389-161","https://uk.pcpartpicker.com/products/thermal-paste/","https://uk.pcpartpicker.com/products/thermal-paste/#page=2","Thermal Hero METALLIQ","Amount2 g","(0)","Add","(0)","Add","Amount","https://m.media-amazon.com/images/I/31Q2jN4IrgL.jpg","https://m.media-amazon.com/images/I/31Q2jN4IrgL.jpg"
"1784223389-162","https://uk.pcpartpicker.com/products/thermal-paste/","https://uk.pcpartpicker.com/products/thermal-paste/#page=2","Zalman STC7","Amount4 g","(0)","Add","(0)","Add","Amount","https://m.media-amazon.com/images/I/31JUZumr3eL.jpg","https://m.media-amazon.com/images/I/31JUZumr3eL.jpg"
"1784223389-163","https://uk.pcpartpicker.com/products/thermal-paste/","https://uk.pcpartpicker.com/products/thermal-paste/#page=2","Prolimatech PK-Zero","Amount5 g","(0)","Add","(0)","Add","Amount","https://cdna.pcpartpicker.com/static/forever/images/product/4c5ed468d520ee5f6cf3eebd56410536.256p.jpg","https://cdna.pcpartpicker.com/static/forever/images/product/4c5ed468d520ee5f6cf3eebd56410536.256p.jpg"
"1784223389-164","https://uk.pcpartpicker.com/products/thermal-paste/","https://uk.pcpartpicker.com/products/thermal-paste/#page=2","Antec Formula 6 Nano Diamond","Amount4 g","(0)","Add","(0)","Add","Amount","https://m.media-amazon.com/images/I/413tkk2fQUL.jpg","https://m.media-amazon.com/images/I/413tkk2fQUL.jpg"
"1784223389-165","https://uk.pcpartpicker.com/products/thermal-paste/","https://uk.pcpartpicker.com/products/thermal-paste/#page=2","Arctic Silver Arctic Alumina Premium Ceramic Polysynthetic","Amount14 g","(4)","Add","(4)","Add","Amount","https://uk.pcpartpicker.com/static/forever/img/no-image.png",""
"1784223389-166","https://uk.pcpartpicker.com/products/thermal-paste/","https://uk.pcpartpicker.com/products/thermal-paste/#page=2","Zalman ZM - STG1","Amount3.5 g","(0)","Add","(0)","Add","Amount","https://m.media-amazon.com/images/I/41PUW8t3eNL.jpg","https://m.media-amazon.com/images/I/41PUW8t3eNL.jpg"
"1784223389-167","https://uk.pcpartpicker.com/products/thermal-paste/","https://uk.pcpartpicker.com/products/thermal-paste/#page=2","Cooler Master IceFusion","Amount40 g","(1)","Add","(1)","Add","Amount","https://m.media-amazon.com/images/I/41KiyRx72TL.jpg","https://m.media-amazon.com/images/I/41KiyRx72TL.jpg"
"1784223389-168","https://uk.pcpartpicker.com/products/thermal-paste/","https://uk.pcpartpicker.com/products/thermal-paste/#page=2","Evercool TC-25","Amount25 g","(0)","Add","(0)","Add","Amount","https://uk.pcpartpicker.com/static/forever/img/no-image.png",""
"1784223389-169","https://uk.pcpartpicker.com/products/thermal-paste/","https://uk.pcpartpicker.com/products/thermal-paste/#page=2","Cooler Master ThermalFusion 400","Amount4 g","(7)","Add","(7)","Add","Amount","https://cdna.pcpartpicker.com/static/forever/images/product/8b51b477f12ee77699a86c9f02917b17.256p.jpg","https://cdna.pcpartpicker.com/static/forever/images/product/8b51b477f12ee77699a86c9f02917b17.256p.jpg"
"1784223389-170","https://uk.pcpartpicker.com/products/thermal-paste/","https://uk.pcpartpicker.com/products/thermal-paste/#page=2","Gelid Solutions GC-Supreme","Amount7 g","(2)","Add","(2)","Add","Amount","https://m.media-amazon.com/images/I/31ZFlVh45rL.jpg","https://m.media-amazon.com/images/I/31ZFlVh45rL.jpg"
"1784223389-171","https://uk.pcpartpicker.com/products/thermal-paste/","https://uk.pcpartpicker.com/products/thermal-paste/#page=2","TUNIQ TX-2","Amount3.5 g","(3)","Add","(3)","Add","Amount","https://images-na.ssl-images-amazon.com/images/I/314EX9NQJBL.jpg","https://images-na.ssl-images-amazon.com/images/I/314EX9NQJBL.jpg"
"1784223389-172","https://uk.pcpartpicker.com/products/thermal-paste/","https://uk.pcpartpicker.com/products/thermal-paste/#page=2","Prolimatech PK-2 Nano Aluminum High-Grade","Amount5 g","(2)","Add","(2)","Add","Amount","https://cdna.pcpartpicker.com/static/forever/images/product/bf03014b52917053ce68774b3bf32be3.256p.jpg","https://cdna.pcpartpicker.com/static/forever/images/product/bf03014b52917053ce68774b3bf32be3.256p.jpg"
"1784223389-173","https://uk.pcpartpicker.com/products/thermal-paste/","https://uk.pcpartpicker.com/products/thermal-paste/#page=2","Zalman ZM-STG2","Amount3.5 g","(6)","Add","(6)","Add","Amount","https://m.media-amazon.com/images/I/219NRoMcStL.jpg","https://m.media-amazon.com/images/I/219NRoMcStL.jpg"
"1784223389-174","https://uk.pcpartpicker.com/products/thermal-paste/","https://uk.pcpartpicker.com/products/thermal-paste/#page=2","Xigmatek PTI-G4512","Amount4 g","(3)","Add","(3)","Add","Amount","https://m.media-amazon.com/images/I/413zveBC4XL.jpg","https://m.media-amazon.com/images/I/413zveBC4XL.jpg"
"1784223389-175","https://uk.pcpartpicker.com/products/thermal-paste/","https://uk.pcpartpicker.com/products/thermal-paste/#page=2","TUNIQ TX-2 Extreme","Amount1 g","(0)","Add","(0)","Add","Amount","https://uk.pcpartpicker.com/static/forever/img/no-image.png",""
"1784223389-176","https://uk.pcpartpicker.com/products/thermal-paste/","https://uk.pcpartpicker.com/products/thermal-paste/#page=2","Rosewill RCX-TC001","Amount5 g","(0)","Add","(0)","Add","Amount","https://m.media-amazon.com/images/I/21WP9MXgtIL.jpg","https://m.media-amazon.com/images/I/21WP9MXgtIL.jpg"
"1784223389-177","https://uk.pcpartpicker.com/products/thermal-paste/","https://uk.pcpartpicker.com/products/thermal-paste/#page=2","Masscool G751 Shin-Etsu","Amount0.5 g","(7)","Add","(7)","Add","Amount","https://m.media-amazon.com/images/I/31uJTGzgKdL.jpg","https://m.media-amazon.com/images/I/31uJTGzgKdL.jpg"
"1784223389-178","https://uk.pcpartpicker.com/products/thermal-paste/","https://uk.pcpartpicker.com/products/thermal-paste/#page=2","Masscool Fanner-420","Amount2 g","(3)","Add","(3)","Add","Amount","https://m.media-amazon.com/images/I/41jtbThTozL.jpg","https://m.media-amazon.com/images/I/41jtbThTozL.jpg"
"1784223389-179","https://uk.pcpartpicker.com/products/thermal-paste/","https://uk.pcpartpicker.com/products/thermal-paste/#page=2","ARCTIC MX-2","Amount30 g","(2)","Add","(2)","Add","Amount","https://m.media-amazon.com/images/I/31QDHbAEMAL.jpg","https://m.media-amazon.com/images/I/31QDHbAEMAL.jpg"
"1784223389-180","https://uk.pcpartpicker.com/products/thermal-paste/","https://uk.pcpartpicker.com/products/thermal-paste/#page=2","Arctic Silver Arctic Alumina","Amount5 g","(5)","Add","(5)","Add","Amount","https://m.media-amazon.com/images/I/313cEGmuztL.jpg","https://m.media-amazon.com/images/I/313cEGmuztL.jpg"
"1784223389-181","https://uk.pcpartpicker.com/products/thermal-paste/","https://uk.pcpartpicker.com/products/thermal-paste/#page=2","ARCTIC MX-2","Amount4 g","(42)","Add","(42)","Add","Amount","https://cdna.pcpartpicker.com/static/forever/images/product/858696f603cfebaa192c79fcf4ef6230.256p.jpg","https://cdna.pcpartpicker.com/static/forever/images/product/858696f603cfebaa192c79fcf4ef6230.256p.jpg"
"1784223389-182","https://uk.pcpartpicker.com/products/thermal-paste/","https://uk.pcpartpicker.com/products/thermal-paste/#page=2","Rosewill RCX-TC090PRO","Amount20 g","(0)","Add","(0)","Add","Amount","https://uk.pcpartpicker.com/static/forever/img/no-image.png",""
"1784223389-183","https://uk.pcpartpicker.com/products/thermal-paste/","https://uk.pcpartpicker.com/products/thermal-paste/#page=2","Thermaltake CL-O0028","Amount4 g","(5)","Add","(5)","Add","Amount","https://m.media-amazon.com/images/I/31aD9h5a5WL.jpg","https://m.media-amazon.com/images/I/31aD9h5a5WL.jpg"
"1784223389-184","https://uk.pcpartpicker.com/products/thermal-paste/","https://uk.pcpartpicker.com/products/thermal-paste/#page=2","Xigmatek Freezing Point G4718","Amount4 g","(0)","Add","(0)","Add","Amount","https://images-na.ssl-images-amazon.com/images/I/31MgheolOJL.jpg","https://images-na.ssl-images-amazon.com/images/I/31MgheolOJL.jpg"
"1784223389-185","https://uk.pcpartpicker.com/products/thermal-paste/","https://uk.pcpartpicker.com/products/thermal-paste/#page=2","Evercool STC-01","Amount4 g","(0)","Add","(0)","Add","Amount","https://m.media-amazon.com/images/I/31oCSgahgUL.jpg","https://m.media-amazon.com/images/I/31oCSgahgUL.jpg"
"1784223389-186","https://uk.pcpartpicker.com/products/thermal-paste/","https://uk.pcpartpicker.com/products/thermal-paste/#page=2","Syba CL-PTSL-COOL","Amount1.5 g","(0)","Add","(0)","Add","Amount","https://m.media-amazon.com/images/I/31ztJNo7uuL.jpg","https://m.media-amazon.com/images/I/31ztJNo7uuL.jpg"
"1784223389-187","https://uk.pcpartpicker.com/products/thermal-paste/","https://uk.pcpartpicker.com/products/thermal-paste/#page=2","Prolimatech PK-1","Amount1.5 g","(3)","Add","(3)","Add","Amount","https://cdna.pcpartpicker.com/static/forever/images/product/2e92518f35d6c85b9e271aa356b4295e.med.256p.jpg","https://cdna.pcpartpicker.com/static/forever/images/product/2e92518f35d6c85b9e271aa356b4295e.med.256p.jpg"
"1784223389-188","https://uk.pcpartpicker.com/products/thermal-paste/","https://uk.pcpartpicker.com/products/thermal-paste/#page=2","Sunbeam GI-1","Amount3.5 g","(0)","Add","(0)","Add","Amount","https://cdna.pcpartpicker.com/static/forever/images/product/5954d7373112ad281f358a69f1e61ee6.med.256p.jpg","https://cdna.pcpartpicker.com/static/forever/images/product/5954d7373112ad281f358a69f1e61ee6.med.256p.jpg"
"1784223389-189","https://uk.pcpartpicker.com/products/thermal-paste/","https://uk.pcpartpicker.com/products/thermal-paste/#page=2","Thermene Graphene","Amount9 g","(0)","Add","(0)","Add","Amount","https://m.media-amazon.com/images/I/41MhZtEaZ0L.jpg","https://m.media-amazon.com/images/I/41MhZtEaZ0L.jpg"
"1784223389-190","https://uk.pcpartpicker.com/products/thermal-paste/","https://uk.pcpartpicker.com/products/thermal-paste/#page=2","Deepcool Z3","Amount1.5 g","(3)","Add","(3)","Add","Amount","https://cdna.pcpartpicker.com/static/forever/images/product/0080a512b9ffea2b9e69482283632ff3.256p.jpg","https://cdna.pcpartpicker.com/static/forever/images/product/0080a512b9ffea2b9e69482283632ff3.256p.jpg"
"1784223389-191","https://uk.pcpartpicker.com/products/thermal-paste/","https://uk.pcpartpicker.com/products/thermal-paste/#page=2","Deepcool Z9","Amount3 g","(5)","Add","(5)","Add","Amount","https://uk.pcpartpicker.com/static/forever/img/no-image.png",""
"1784223389-192","https://uk.pcpartpicker.com/products/thermal-paste/","https://uk.pcpartpicker.com/products/thermal-paste/#page=2","Evercool STC-02","Amount3 g","(0)","Add","(0)","Add","Amount","https://cdna.pcpartpicker.com/static/forever/images/product/4cbf0fbff510b64e0aae658ecd037b0f.256p.jpg","https://cdna.pcpartpicker.com/static/forever/images/product/4cbf0fbff510b64e0aae658ecd037b0f.256p.jpg"
"1784223389-193","https://uk.pcpartpicker.com/products/thermal-paste/","https://uk.pcpartpicker.com/products/thermal-paste/#page=2","Logisys Z5","Amount3 g","(0)","Add","(0)","Add","Amount","https://uk.pcpartpicker.com/static/forever/img/no-image.png",""
"1784223389-194","https://uk.pcpartpicker.com/products/thermal-paste/","https://uk.pcpartpicker.com/products/thermal-paste/#page=2","Thermaltake CLZ0022","Amount4 g","(2)","Add","(2)","Add","Amount","https://m.media-amazon.com/images/I/31EIewpkv5L.jpg","https://m.media-amazon.com/images/I/31EIewpkv5L.jpg"
"1784223389-195","https://uk.pcpartpicker.com/products/thermal-paste/","https://uk.pcpartpicker.com/products/thermal-paste/#page=2","Xigmatek Freezing Point G4718","Amount4 g","(0)","Add","(0)","Add","Amount","https://uk.pcpartpicker.com/static/forever/img/no-image.png",""
"1784223389-196","https://uk.pcpartpicker.com/products/thermal-paste/","https://uk.pcpartpicker.com/products/thermal-paste/#page=2","Cooler Master Extreme Fusion X1","Amount1.5 g","(1)","Add","(1)","Add","Amount","https://uk.pcpartpicker.com/static/forever/img/no-image.png",""
"1784223389-197","https://uk.pcpartpicker.com/products/thermal-paste/","https://uk.pcpartpicker.com/products/thermal-paste/#page=2","Prolimatech PK-Zero","Amount1.5 g","(0)","Add","(0)","Add","Amount","https://uk.pcpartpicker.com/static/forever/img/no-image.png",""
"1784223389-198","https://uk.pcpartpicker.com/products/thermal-paste/","https://uk.pcpartpicker.com/products/thermal-paste/#page=2","Prolimatech PK-Zero","Amount30 g","(0)","Add","(0)","Add","Amount","https://images-na.ssl-images-amazon.com/images/I/31s11f-w1XL.jpg","https://images-na.ssl-images-amazon.com/images/I/31s11f-w1XL.jpg"
"1784223389-199","https://uk.pcpartpicker.com/products/thermal-paste/","https://uk.pcpartpicker.com/products/thermal-paste/#page=2","Cooler Master MasterGel Maker","Amount4 g","(13)","Add","(13)","Add","Amount","https://cdna.pcpartpicker.com/static/forever/images/product/d998fda270a6503c1c058fea043d29ce.256p.jpg","https://cdna.pcpartpicker.com/static/forever/images/product/d998fda270a6503c1c058fea043d29ce.256p.jpg"
"1784223389-200","https://uk.pcpartpicker.com/products/thermal-paste/","https://uk.pcpartpicker.com/products/thermal-paste/#page=2","CRYORIG CP15","Amount4 g","(1)","Add","(1)","Add","Amount","https://cdna.pcpartpicker.com/static/forever/images/product/140e86e015b617fa1e1ffd056e44e73c.256p.jpg","https://cdna.pcpartpicker.com/static/forever/images/product/140e86e015b617fa1e1ffd056e44e73c.256p.jpg"
"1784223389-201","https://uk.pcpartpicker.com/products/thermal-paste/","https://uk.pcpartpicker.com/products/thermal-paste/#page=2","CRYORIG CP5","Amount4 g","(0)","Add","(0)","Add","Amount","https://cdna.pcpartpicker.com/static/forever/images/product/82cd59b3ac575eddddbb87dc733cf01f.256p.jpg","https://cdna.pcpartpicker.com/static/forever/images/product/82cd59b3ac575eddddbb87dc733cf01f.256p.jpg"
"1784223389-202","https://uk.pcpartpicker.com/products/thermal-paste/","https://uk.pcpartpicker.com/products/thermal-paste/#page=2","CRYORIG CP7","Amount4 g","(2)","Add","(2)","Add","Amount","https://cdna.pcpartpicker.com/static/forever/images/product/6b13f87d70e438ee164f88373ed6337f.256p.jpg","https://cdna.pcpartpicker.com/static/forever/images/product/6b13f87d70e438ee164f88373ed6337f.256p.jpg"
"1784223389-203","https://uk.pcpartpicker.com/products/thermal-paste/","https://uk.pcpartpicker.com/products/thermal-paste/#page=2","Innovation Cooling ICD24","Amount4.8 g","(2)","Add","(2)","Add","Amount","https://cdna.pcpartpicker.com/static/forever/images/product/49403892750e2bf18d948a7a56f77382.256p.jpg","https://cdna.pcpartpicker.com/static/forever/images/product/49403892750e2bf18d948a7a56f77382.256p.jpg"
"1784223389-204","https://uk.pcpartpicker.com/products/thermal-paste/","https://uk.pcpartpicker.com/products/thermal-paste/#page=2","Phanteks PH-NDC_02","Amount2 g","(0)","Add","(0)","Add","Amount","https://m.media-amazon.com/images/I/31DlPjDbtRL.jpg","https://m.media-amazon.com/images/I/31DlPjDbtRL.jpg"
"1784223389-205","https://uk.pcpartpicker.com/products/thermal-paste/","https://uk.pcpartpicker.com/products/thermal-paste/#page=2","Graphitene GTP-5","Amount3.5 g","(0)","Add","(0)","Add","Amount","https://images-na.ssl-images-amazon.com/images/I/31wzFwrklNL.jpg","https://images-na.ssl-images-amazon.com/images/I/31wzFwrklNL.jpg"
"1784223389-206","https://uk.pcpartpicker.com/products/thermal-paste/","https://uk.pcpartpicker.com/products/thermal-paste/#page=2","Gelid Solutions GC-2","Amount7 g","(0)","Add","(0)","Add","Amount","https://cdna.pcpartpicker.com/static/forever/images/product/d6f4893c871e8b276bccdad0180c4523.256p.jpg","https://cdna.pcpartpicker.com/static/forever/images/product/d6f4893c871e8b276bccdad0180c4523.256p.jpg"
"1784223389-207","https://uk.pcpartpicker.com/products/thermal-paste/","https://uk.pcpartpicker.com/products/thermal-paste/#page=2","ARCTIC MX-2","Amount30 g","(0)","Add","(0)","Add","Amount","https://cdna.pcpartpicker.com/static/forever/images/product/e3f7c43efb11a98145d33095ce795492.256p.jpg","https://cdna.pcpartpicker.com/static/forever/images/product/e3f7c43efb11a98145d33095ce795492.256p.jpg"
"1784223389-208","https://uk.pcpartpicker.com/products/thermal-paste/","https://uk.pcpartpicker.com/products/thermal-paste/#page=2","Cooler Master MasterGel Maker","Amount1.5 g","(2)","Add","(2)","Add","Amount","https://cdna.pcpartpicker.com/static/forever/images/product/9defdac667d32ca465424fbe9e5fa480.256p.jpg","https://cdna.pcpartpicker.com/static/forever/images/product/9defdac667d32ca465424fbe9e5fa480.256p.jpg"
"1784223389-209","https://uk.pcpartpicker.com/products/thermal-paste/","https://uk.pcpartpicker.com/products/thermal-paste/#page=2","Cooler Master MasterGel Regular","Amount1.5 g","(0)","Add","(0)","Add","Amount","https://cdna.pcpartpicker.com/static/forever/images/product/b0aa0617a02d8118969202ea3574b52d.256p.jpg","https://cdna.pcpartpicker.com/static/forever/images/product/b0aa0617a02d8118969202ea3574b52d.256p.jpg"
"1784223389-210","https://uk.pcpartpicker.com/products/thermal-paste/","https://uk.pcpartpicker.com/products/thermal-paste/#page=2","Thermalright TF8","Amount5.8 g","(0)","Add","(0)","Add","Amount","https://m.media-amazon.com/images/I/41kW1istxhL.jpg","https://m.media-amazon.com/images/I/41kW1istxhL.jpg"
"1784223389-211","https://uk.pcpartpicker.com/products/thermal-paste/","https://uk.pcpartpicker.com/products/thermal-paste/#page=2","Thermalright TFX","Amount6.2 g","(0)","Add","(0)","Add","Amount","https://m.media-amazon.com/images/I/31oVeso1jXL.jpg","https://m.media-amazon.com/images/I/31oVeso1jXL.jpg"
"1784223389-212","https://uk.pcpartpicker.com/products/thermal-paste/","https://uk.pcpartpicker.com/products/thermal-paste/#page=2","Thermalright Silver King","Amount1 g","(0)","Add","(0)","Add","Amount","https://uk.pcpartpicker.com/static/forever/img/no-image.png",""
"1784223389-213","https://uk.pcpartpicker.com/products/thermal-paste/","https://uk.pcpartpicker.com/products/thermal-paste/#page=2","ARCTIC MX-5","Amount2 g","(5)","Add","(5)","Add","Amount","https://m.media-amazon.com/images/I/31o96p6kgGL.jpg","https://m.media-amazon.com/images/I/31o96p6kgGL.jpg"
"1784223389-214","https://uk.pcpartpicker.com/products/thermal-paste/","https://uk.pcpartpicker.com/products/thermal-paste/#page=2","ARCTIC MX-5 Incl. Spatula","Amount2 g","(0)","Add","(0)","Add","Amount","https://m.media-amazon.com/images/I/31v-nvlnE+L.jpg","https://m.media-amazon.com/images/I/31v-nvlnE+L.jpg"
"1784223389-215","https://uk.pcpartpicker.com/products/thermal-paste/","https://uk.pcpartpicker.com/products/thermal-paste/#page=2","ARCTIC MX-5 Incl. Spatula","Amount4 g","(2)","Add","(2)","Add","Amount","https://m.media-amazon.com/images/I/41bG0W1pM7L.jpg","https://m.media-amazon.com/images/I/41bG0W1pM7L.jpg"
"1784223389-216","https://uk.pcpartpicker.com/products/thermal-paste/","https://uk.pcpartpicker.com/products/thermal-paste/#page=2","Cooler Master IC ESSENTIAL E2","Amount3.5 g","(0)","Add","(0)","Add","Amount","https://cdna.pcpartpicker.com/static/forever/images/product/d8852b3c7f0294acbd4a1d19c6d04233.256p.jpg","https://cdna.pcpartpicker.com/static/forever/images/product/d8852b3c7f0294acbd4a1d19c6d04233.256p.jpg"
"1784223389-217","https://uk.pcpartpicker.com/products/thermal-paste/","https://uk.pcpartpicker.com/products/thermal-paste/#page=2","Iceberg Thermal FUZEIce","Amount3.5 g","(0)","Add","(0)","Add","Amount","https://cdna.pcpartpicker.com/static/forever/images/product/e0a1637aa7d094eb6ed4e68dabe66d78.256p.jpg","https://cdna.pcpartpicker.com/static/forever/images/product/e0a1637aa7d094eb6ed4e68dabe66d78.256p.jpg"
"1784223389-218","https://uk.pcpartpicker.com/products/thermal-paste/","https://uk.pcpartpicker.com/products/thermal-paste/#page=2","Iceberg Thermal FUZEIce","Amount7 g","(0)","Add","(0)","Add","Amount","https://cdna.pcpartpicker.com/static/forever/images/product/5b13504b345dc23b0644475e4c361e40.256p.jpg","https://cdna.pcpartpicker.com/static/forever/images/product/5b13504b345dc23b0644475e4c361e40.256p.jpg"
