web_scraper_order,web_scraper_start_url,pagination,name,interface,rating,price,color,name3,price2,interface2,color2,name2,name4
"1784222753-1","https://uk.pcpartpicker.com/products/wired-network-card/","","StarTech ST10GPEXNDPI","InterfacePCIe x4","(0)","Out of stock£415.47Add","ColorBlack / Silver","(0)","Add","Interface","Color","https://cdna.pcpartpicker.com/static/forever/images/product/b4f19eef7fb7a2b7e10474d46f952cc5.256p.jpg","https://cdna.pcpartpicker.com/static/forever/images/product/b4f19eef7fb7a2b7e10474d46f952cc5.256p.jpg"
"1784222753-2","https://uk.pcpartpicker.com/products/wired-network-card/","","TP-Link TG-3468","InterfacePCIe x1","(16)","£10.99Add","Color","(16)","Add","Interface","Color","https://cdna.pcpartpicker.com/static/forever/images/product/330081db022793485f64a34fc60dd6a7.256p.jpg","https://cdna.pcpartpicker.com/static/forever/images/product/330081db022793485f64a34fc60dd6a7.256p.jpg"
"1784222753-3","https://uk.pcpartpicker.com/products/wired-network-card/","","Asus XG-C100C","InterfacePCIe x4","(7)","£75.85Add","Color","(7)","Add","Interface","Color","https://cdna.pcpartpicker.com/static/forever/images/product/61855427052066ed173d5f7dcfa0dd8c.256p.jpg","https://cdna.pcpartpicker.com/static/forever/images/product/61855427052066ed173d5f7dcfa0dd8c.256p.jpg"
"1784222753-4","https://uk.pcpartpicker.com/products/wired-network-card/","","Intel X550-T2","InterfacePCIe x4","(1)","£123.94Add","Color","(1)","Add","Interface","Color","https://cdna.pcpartpicker.com/static/forever/images/product/dffbd7ee141b241601d4e798fcf90ee8.256p.jpg","https://cdna.pcpartpicker.com/static/forever/images/product/dffbd7ee141b241601d4e798fcf90ee8.256p.jpg"
"1784222753-5","https://uk.pcpartpicker.com/products/wired-network-card/","","TP-Link TX201","InterfacePCIe x1","(4)","£23.48Add","ColorBlack / Gold","(4)","Add","Interface","Color","https://cdna.pcpartpicker.com/static/forever/images/product/5a179aa8a9e73be02fc1fb6200da0c28.256p.jpg","https://cdna.pcpartpicker.com/static/forever/images/product/5a179aa8a9e73be02fc1fb6200da0c28.256p.jpg"
"1784222753-6","https://uk.pcpartpicker.com/products/wired-network-card/","","TP-Link TX401","InterfacePCIe x4","(0)","£80.00Add","ColorRed","(0)","Add","Interface","Color","https://cdna.pcpartpicker.com/static/forever/images/product/e0cd246e9392dfc4df3c23e27bb400e9.256p.jpg","https://cdna.pcpartpicker.com/static/forever/images/product/e0cd246e9392dfc4df3c23e27bb400e9.256p.jpg"
"1784222753-7","https://uk.pcpartpicker.com/products/wired-network-card/","","Intel X540-T2","InterfacePCIe x8","(2)","£95.00Add","Color","(2)","Add","Interface","Color","https://m.media-amazon.com/images/I/51DNyUOcckL.jpg","https://m.media-amazon.com/images/I/51DNyUOcckL.jpg"
"1784222753-8","https://uk.pcpartpicker.com/products/wired-network-card/","","Intel X710-T2L","InterfacePCIe x8","(0)","£280.99Add","ColorGreen / Black","(0)","Add","Interface","Color","https://cdna.pcpartpicker.com/static/forever/images/product/910acc7d0c6d590129398aa69d80e057.256p.jpg","https://cdna.pcpartpicker.com/static/forever/images/product/910acc7d0c6d590129398aa69d80e057.256p.jpg"
"1784222753-9","https://uk.pcpartpicker.com/products/wired-network-card/","","TP-Link UE306","InterfaceUSB Type-A 3.2 Gen 1","(0)","£7.99Add","ColorBlack","(0)","Add","Interface","Color","https://cdna.pcpartpicker.com/static/forever/images/product/e4d2ec5658c261b137e121959ec813c5.256p.jpg","https://cdna.pcpartpicker.com/static/forever/images/product/e4d2ec5658c261b137e121959ec813c5.256p.jpg"
"1784222753-10","https://uk.pcpartpicker.com/products/wired-network-card/","","Intel EXPI9301CTBLK","InterfacePCIe x1","(9)","£30.46Add","Color","(9)","Add","Interface","Color","https://cdna.pcpartpicker.com/static/forever/images/product/33eaba5604cbc7eec9ee0e37fde23741.256p.jpg","https://cdna.pcpartpicker.com/static/forever/images/product/33eaba5604cbc7eec9ee0e37fde23741.256p.jpg"
"1784222753-11","https://uk.pcpartpicker.com/products/wired-network-card/","","TRENDnet TRENDnet TEG-10GECTX 10 Gigabit PCIe Network Adapter","InterfacePCIe x4","(0)","£67.36Add","ColorGreen / Silver","(0)","Add","Interface","Color","https://cdna.pcpartpicker.com/static/forever/images/product/a28d0d58f3b5def7b5a3ff61c8797984.256p.jpg","https://cdna.pcpartpicker.com/static/forever/images/product/a28d0d58f3b5def7b5a3ff61c8797984.256p.jpg"
"1784222753-12","https://uk.pcpartpicker.com/products/wired-network-card/","","Syba SD-PEX24066","InterfacePCIe x1","(0)","£31.99Add","ColorGreen / Black","(0)","Add","Interface","Color","https://m.media-amazon.com/images/I/41PdZUOPleL.jpg","https://m.media-amazon.com/images/I/41PdZUOPleL.jpg"
"1784222753-13","https://uk.pcpartpicker.com/products/wired-network-card/","","Intel X540T1","InterfacePCIe x8","(0)","Add","ColorBlack / Green","(0)","Add","Interface","Color","https://cdna.pcpartpicker.com/static/forever/images/product/acd586785100d39c2c602231fe3e06f6.256p.jpg","https://cdna.pcpartpicker.com/static/forever/images/product/acd586785100d39c2c602231fe3e06f6.256p.jpg"
"1784222753-14","https://uk.pcpartpicker.com/products/wired-network-card/","","D-Link DXE-820T","InterfacePCIe x8","(0)","Add","Color","(0)","Add","Interface","Color","https://cdna.pcpartpicker.com/static/forever/images/product/3bf3e23e89c59bc4a41091871fdc35e2.256p.jpg","https://cdna.pcpartpicker.com/static/forever/images/product/3bf3e23e89c59bc4a41091871fdc35e2.256p.jpg"
"1784222753-15","https://uk.pcpartpicker.com/products/wired-network-card/","","Intel E1G44ET2BLK","InterfacePCIe x4","(0)","£305.47Add","Color","(0)","Add","Interface","Color","https://cdna.pcpartpicker.com/static/forever/images/product/faf33f31b49233a8a77a7cb481672f5f.256p.jpg","https://cdna.pcpartpicker.com/static/forever/images/product/faf33f31b49233a8a77a7cb481672f5f.256p.jpg"
"1784222753-16","https://uk.pcpartpicker.com/products/wired-network-card/","","Gigabyte GC-AQC107","InterfacePCIe x4","(2)","Add","ColorBlack / White","(2)","Add","Interface","Color","https://m.media-amazon.com/images/I/41M+nrFkXiL.jpg","https://m.media-amazon.com/images/I/41M+nrFkXiL.jpg"
"1784222753-17","https://uk.pcpartpicker.com/products/wired-network-card/","","StarTech ST10GSPEXNDP2","InterfacePCIe x4","(0)","£150.58Add","ColorBlack / Silver","(0)","Add","Interface","Color","https://cdna.pcpartpicker.com/static/forever/images/product/2b873f6da88deb87ec6799513a859703.256p.jpg","https://cdna.pcpartpicker.com/static/forever/images/product/2b873f6da88deb87ec6799513a859703.256p.jpg"
"1784222753-18","https://uk.pcpartpicker.com/products/wired-network-card/","","Intel I226T1","InterfacePCIe x1","(0)","£73.00Add","ColorGreen","(0)","Add","Interface","Color","https://cdna.pcpartpicker.com/static/forever/images/product/bc52eeec9d64fce44c94be7123200d9e.256p.jpg","https://cdna.pcpartpicker.com/static/forever/images/product/bc52eeec9d64fce44c94be7123200d9e.256p.jpg"
"1784222753-19","https://uk.pcpartpicker.com/products/wired-network-card/","","TRENDnet TEG-25GECTX","InterfacePCIe x1","(0)","£29.42Add","ColorBlue","(0)","Add","Interface","Color","https://m.media-amazon.com/images/I/411zdl07pRL.jpg","https://m.media-amazon.com/images/I/411zdl07pRL.jpg"
"1784222753-20","https://uk.pcpartpicker.com/products/wired-network-card/","","Intel E1G42ETBLK","InterfacePCIe x4","(2)","£122.30Add","Color","(2)","Add","Interface","Color","https://cdna.pcpartpicker.com/static/forever/images/product/b789aadd3d0e621f37765419d93f7c31.256p.jpg","https://cdna.pcpartpicker.com/static/forever/images/product/b789aadd3d0e621f37765419d93f7c31.256p.jpg"
"1784222753-21","https://uk.pcpartpicker.com/products/wired-network-card/","","StarTech ST10GSPEXNB2","InterfacePCIe x2","(0)","£126.20Add","ColorSilver / Black","(0)","Add","Interface","Color","https://m.media-amazon.com/images/I/51I6eESqn5L.jpg","https://m.media-amazon.com/images/I/51I6eESqn5L.jpg"
"1784222753-22","https://uk.pcpartpicker.com/products/wired-network-card/","","Intel E610XT4","InterfacePCIe x8","(0)","Add","Color","(0)","Add","Interface","Color","https://cdna.pcpartpicker.com/static/forever/images/product/86926e7cc35ee3226a652f4193c6efd9.256p.jpg","https://cdna.pcpartpicker.com/static/forever/images/product/86926e7cc35ee3226a652f4193c6efd9.256p.jpg"
"1784222753-23","https://uk.pcpartpicker.com/products/wired-network-card/","","Intel X520-T2","InterfacePCIe x8","(0)","Add","ColorGreen / Black","(0)","Add","Interface","Color","https://cdna.pcpartpicker.com/static/forever/images/product/9bb92d860044cbffa6f2456fe4683c11.256p.jpg","https://cdna.pcpartpicker.com/static/forever/images/product/9bb92d860044cbffa6f2456fe4683c11.256p.jpg"
"1784222753-24","https://uk.pcpartpicker.com/products/wired-network-card/","","StarTech ST1000SPEX2L","InterfacePCIe x1","(0)","£21.54Add","Color","(0)","Add","Interface","Color","https://m.media-amazon.com/images/I/41ttIy3fJYL.jpg","https://m.media-amazon.com/images/I/41ttIy3fJYL.jpg"
"1784222753-25","https://uk.pcpartpicker.com/products/wired-network-card/","","QNAP QXG5G1T111C","InterfacePCIe x1","(0)","Add","ColorBlue / Silver","(0)","Add","Interface","Color","https://cdna.pcpartpicker.com/static/forever/images/product/5aa8234e236fe6b197863ab2354623d2.256p.jpg","https://cdna.pcpartpicker.com/static/forever/images/product/5aa8234e236fe6b197863ab2354623d2.256p.jpg"
"1784222753-26","https://uk.pcpartpicker.com/products/wired-network-card/","","StarTech ST1000SPEX4","InterfacePCIe x4","(0)","Add","Color","(0)","Add","Interface","Color","https://m.media-amazon.com/images/I/51HBkXAzXWL.jpg","https://m.media-amazon.com/images/I/51HBkXAzXWL.jpg"
"1784222753-27","https://uk.pcpartpicker.com/products/wired-network-card/","","Asus USB-C2500","InterfaceUSB Type-A 3.2 Gen 1","(0)","£51.17Add","ColorGray","(0)","Add","Interface","Color","https://cdna.pcpartpicker.com/static/forever/images/product/2fff99a35b8408e5f3a1f6a31a0b4821.256p.jpg","https://cdna.pcpartpicker.com/static/forever/images/product/2fff99a35b8408e5f3a1f6a31a0b4821.256p.jpg"
"1784222753-28","https://uk.pcpartpicker.com/products/wired-network-card/","","QNAP QXG2G2TI225","InterfacePCIe x2","(0)","Add","ColorGreen / Copper","(0)","Add","Interface","Color","https://cdna.pcpartpicker.com/static/forever/images/product/ca7154084df22cd6b6a5032c8a705145.256p.jpg","https://cdna.pcpartpicker.com/static/forever/images/product/ca7154084df22cd6b6a5032c8a705145.256p.jpg"
"1784222753-29","https://uk.pcpartpicker.com/products/wired-network-card/","","Syba SI-PEX24042","InterfacePCIe x1","(0)","Add","ColorGreen / Black","(0)","Add","Interface","Color","https://cdna.pcpartpicker.com/static/forever/images/product/57d0622448d6f56b221bb81bb053423b.256p.jpg","https://cdna.pcpartpicker.com/static/forever/images/product/57d0622448d6f56b221bb81bb053423b.256p.jpg"
"1784222753-30","https://uk.pcpartpicker.com/products/wired-network-card/","","Monoprice 112909","InterfaceUSB Type-C 3.2 Gen 2","(0)","Add","ColorWhite","(0)","Add","Interface","Color","https://m.media-amazon.com/images/I/31SbDsg486L.jpg","https://m.media-amazon.com/images/I/31SbDsg486L.jpg"
"1784222753-31","https://uk.pcpartpicker.com/products/wired-network-card/","","StarTech ST10000SPEXI","InterfacePCIe x4","(0)","Add","ColorBlack / Silver","(0)","Add","Interface","Color","https://cdna.pcpartpicker.com/static/forever/images/product/9732d6a171365f57af85dbdbfe81985f.256p.jpg","https://cdna.pcpartpicker.com/static/forever/images/product/9732d6a171365f57af85dbdbfe81985f.256p.jpg"
"1784222753-32","https://uk.pcpartpicker.com/products/wired-network-card/","","StarTech USB32000SPT","InterfaceUSB Type-A 3.2 Gen 1","(0)","£57.24Add","Color","(0)","Add","Interface","Color","https://cdna.pcpartpicker.com/static/forever/images/product/6c38be9ef10f5d1d5ad3f02d04aa388c.256p.jpg","https://cdna.pcpartpicker.com/static/forever/images/product/6c38be9ef10f5d1d5ad3f02d04aa388c.256p.jpg"
"1784222753-33","https://uk.pcpartpicker.com/products/wired-network-card/","","SIIG LB-GE0311-S1","InterfacePCIe x8","(0)","Add","ColorBlack / Green","(0)","Add","Interface","Color","https://m.media-amazon.com/images/I/41L-kYrFdpL.jpg","https://m.media-amazon.com/images/I/41L-kYrFdpL.jpg"
"1784222753-34","https://uk.pcpartpicker.com/products/wired-network-card/","","Intel E1G44HT","InterfacePCIe x4","(0)","Add","Color","(0)","Add","Interface","Color","https://cdna.pcpartpicker.com/static/forever/images/product/27e70103d7a3d9ab2bd601743a918e5f.256p.jpg","https://cdna.pcpartpicker.com/static/forever/images/product/27e70103d7a3d9ab2bd601743a918e5f.256p.jpg"
"1784222753-35","https://uk.pcpartpicker.com/products/wired-network-card/","","StarTech ST2GPEX","InterfacePCIe x1","(0)","£29.72Add","ColorBlack","(0)","Add","Interface","Color","https://cdna.pcpartpicker.com/static/forever/images/product/c948d04adacdc19f74577d2117f473d6.256p.jpg","https://cdna.pcpartpicker.com/static/forever/images/product/c948d04adacdc19f74577d2117f473d6.256p.jpg"
"1784222753-36","https://uk.pcpartpicker.com/products/wired-network-card/","","TP-Link UE300","InterfaceUSB Type-A 3.2 Gen 1","(0)","£16.98Add","Color","(0)","Add","Interface","Color","https://cdna.pcpartpicker.com/static/forever/images/product/97bdc5ef75505ff1b527d0b698e7e830.256p.jpg","https://cdna.pcpartpicker.com/static/forever/images/product/97bdc5ef75505ff1b527d0b698e7e830.256p.jpg"
"1784222753-37","https://uk.pcpartpicker.com/products/wired-network-card/","","QNAP QXG-10G1T","InterfacePCIe x4","(0)","£161.03Add","Color","(0)","Add","Interface","Color","https://cdna.pcpartpicker.com/static/forever/images/product/d9ea9fd4f857e54e757f2274dc8fd109.256p.jpg","https://cdna.pcpartpicker.com/static/forever/images/product/d9ea9fd4f857e54e757f2274dc8fd109.256p.jpg"
"1784222753-38","https://uk.pcpartpicker.com/products/wired-network-card/","","Syba SY-PEX24045","InterfacePCIe x4","(0)","£60.88Add","ColorGreen / Black","(0)","Add","Interface","Color","https://images-eu.ssl-images-amazon.com/images/I/51Qg3azqbIL.jpg","https://images-eu.ssl-images-amazon.com/images/I/51Qg3azqbIL.jpg"
"1784222753-39","https://uk.pcpartpicker.com/products/wired-network-card/","","Intel E1G44HTBLK","InterfacePCIe x4","(0)","£63.53Add","Color","(0)","Add","Interface","Color","https://m.media-amazon.com/images/I/41mYieVJxwL.jpg","https://m.media-amazon.com/images/I/41mYieVJxwL.jpg"
"1784222753-40","https://uk.pcpartpicker.com/products/wired-network-card/","","Intel EXPI9404PTLBLK-1PK","InterfacePCIe x4","(1)","£105.46Add","Color","(1)","Add","Interface","Color","https://m.media-amazon.com/images/I/31zOGgkzYeL.jpg","https://m.media-amazon.com/images/I/31zOGgkzYeL.jpg"
"1784222753-41","https://uk.pcpartpicker.com/products/wired-network-card/","","Belkin F5D5000","InterfacePCI","(0)","Add","Color","(0)","Add","Interface","Color","https://m.media-amazon.com/images/I/31-5OO5ZhgL.jpg","https://m.media-amazon.com/images/I/31-5OO5ZhgL.jpg"
"1784222753-42","https://uk.pcpartpicker.com/products/wired-network-card/","","Asus ROG AREION","InterfacePCIe x4","(0)","Add","ColorBlack","(0)","Add","Interface","Color","https://uk.pcpartpicker.com/static/forever/img/no-image.png",""
"1784222753-43","https://uk.pcpartpicker.com/products/wired-network-card/","","Syba SY-HUB24047","InterfaceUSB Type-A 3.2 Gen 1","(0)","£78.43Add","ColorBlack","(0)","Add","Interface","Color","https://images-na.ssl-images-amazon.com/images/I/41vSeA5n3rL.jpg","https://images-na.ssl-images-amazon.com/images/I/41vSeA5n3rL.jpg"
"1784222753-44","https://uk.pcpartpicker.com/products/wired-network-card/","","Intel E10G42BT","InterfacePCIe x8","(0)","Add","Color","(0)","Add","Interface","Color","https://m.media-amazon.com/images/I/317qA4lACHL.jpg","https://m.media-amazon.com/images/I/317qA4lACHL.jpg"
"1784222753-45","https://uk.pcpartpicker.com/products/wired-network-card/","","Tripp Lite U436-06N-2P5","InterfaceUSB Type-C 3.2 Gen 1","(0)","£47.80Add","ColorBlack","(0)","Add","Interface","Color","https://cdna.pcpartpicker.com/static/forever/images/product/d093981ce2733a22377a2f34b8c73658.256p.jpg","https://cdna.pcpartpicker.com/static/forever/images/product/d093981ce2733a22377a2f34b8c73658.256p.jpg"
"1784222753-46","https://uk.pcpartpicker.com/products/wired-network-card/","","SIIG LB-GE0211-S1","InterfacePCIe x4","(0)","Add","ColorGreen / Black","(0)","Add","Interface","Color","https://m.media-amazon.com/images/I/41TaYuX22AL.jpg","https://m.media-amazon.com/images/I/41TaYuX22AL.jpg"
"1784222753-47","https://uk.pcpartpicker.com/products/wired-network-card/","","StarTech ST10GSPEXNDP","InterfacePCIe x8","(0)","Add","ColorBlack / Silver","(0)","Add","Interface","Color","https://m.media-amazon.com/images/I/21yIWYBR0pL.jpg","https://m.media-amazon.com/images/I/21yIWYBR0pL.jpg"
"1784222753-48","https://uk.pcpartpicker.com/products/wired-network-card/","","TP-Link UE300C","InterfaceUSB Type-C","(0)","£14.48Add","ColorBlack","(0)","Add","Interface","Color","https://cdna.pcpartpicker.com/static/forever/images/product/bb13c2c1fc8081f9fcbd27a460ec3496.256p.jpg","https://cdna.pcpartpicker.com/static/forever/images/product/bb13c2c1fc8081f9fcbd27a460ec3496.256p.jpg"
"1784222753-49","https://uk.pcpartpicker.com/products/wired-network-card/","","Syba SD-PEX24055","InterfacePCIe x4","(0)","£102.18Add","ColorGreen / Black","(0)","Add","Interface","Color","https://cdna.pcpartpicker.com/static/forever/images/product/f5d64e18dffd9b1a6bb1ea19591ebefa.256p.jpg","https://cdna.pcpartpicker.com/static/forever/images/product/f5d64e18dffd9b1a6bb1ea19591ebefa.256p.jpg"
"1784222753-50","https://uk.pcpartpicker.com/products/wired-network-card/","","StarTech ST1000SPEX2","InterfacePCIe x1","(0)","£21.06Add","Color","(0)","Add","Interface","Color","https://m.media-amazon.com/images/I/41L9PimZf1L.jpg","https://m.media-amazon.com/images/I/41L9PimZf1L.jpg"
"1784222753-51","https://uk.pcpartpicker.com/products/wired-network-card/","","TRENDnet TUC-ET2G","InterfaceUSB Type-C 3.2 Gen 1","(0)","£26.48Add","ColorBlack","(0)","Add","Interface","Color","https://cdna.pcpartpicker.com/static/forever/images/product/25eded408cce1a584568891e641172bd.256p.jpg","https://cdna.pcpartpicker.com/static/forever/images/product/25eded408cce1a584568891e641172bd.256p.jpg"
"1784222753-52","https://uk.pcpartpicker.com/products/wired-network-card/","","Intel EXPI9301CT","InterfacePCIe x1","(2)","£29.08Add","Color","(2)","Add","Interface","Color","https://m.media-amazon.com/images/I/51dovzTVhmL.jpg","https://m.media-amazon.com/images/I/51dovzTVhmL.jpg"
"1784222753-53","https://uk.pcpartpicker.com/products/wired-network-card/","","StarTech ST3300U3S","InterfaceUSB Type-A 3.2 Gen 1","(0)","£53.26Add","Color","(0)","Add","Interface","Color","https://cdna.pcpartpicker.com/static/forever/images/product/0b4d8bf77ac946efc0ae1e3fac6f0928.256p.jpg","https://cdna.pcpartpicker.com/static/forever/images/product/0b4d8bf77ac946efc0ae1e3fac6f0928.256p.jpg"
"1784222753-54","https://uk.pcpartpicker.com/products/wired-network-card/","","StarTech USB31000NDS","InterfaceUSB Type-A 3.2 Gen 1","(0)","£25.66Add","Color","(0)","Add","Interface","Color","https://cdna.pcpartpicker.com/static/forever/images/product/6649a6de92b9e056f16f61298f6f1fd2.256p.jpg","https://cdna.pcpartpicker.com/static/forever/images/product/6649a6de92b9e056f16f61298f6f1fd2.256p.jpg"
"1784222753-55","https://uk.pcpartpicker.com/products/wired-network-card/","","Supermicro AOC-STG-i2T","InterfacePCIe x8","(0)","Add","Color","(0)","Add","Interface","Color","https://cdna.pcpartpicker.com/static/forever/images/product/e77399bf6404835dcb420550ab08066c.256p.jpg","https://cdna.pcpartpicker.com/static/forever/images/product/e77399bf6404835dcb420550ab08066c.256p.jpg"
"1784222753-56","https://uk.pcpartpicker.com/products/wired-network-card/","","Gigabyte GC-AQC113C 10G","InterfacePCIe x4","(0)","Add","ColorWhite / Silver","(0)","Add","Interface","Color","https://uk.pcpartpicker.com/static/forever/img/no-image.png",""
"1784222753-57","https://uk.pcpartpicker.com/products/wired-network-card/","","StarTech ST10GSPEXNB","InterfacePCIe x4","(0)","Add","ColorBlack","(0)","Add","Interface","Color","https://cdna.pcpartpicker.com/static/forever/images/product/2a42f51875492d5e048b0739b1bbcc0f.256p.jpg","https://cdna.pcpartpicker.com/static/forever/images/product/2a42f51875492d5e048b0739b1bbcc0f.256p.jpg"
"1784222753-58","https://uk.pcpartpicker.com/products/wired-network-card/","","Intel EXPI9402PTG2P20","InterfacePCIe x4","(0)","£104.41Add","ColorGreen / Black","(0)","Add","Interface","Color","https://images-na.ssl-images-amazon.com/images/I/419H7vmlAkL.jpg","https://images-na.ssl-images-amazon.com/images/I/419H7vmlAkL.jpg"
"1784222753-59","https://uk.pcpartpicker.com/products/wired-network-card/","","StarTech ST1000SPEX42","InterfacePCIe x4","(0)","Add","Color","(0)","Add","Interface","Color","https://m.media-amazon.com/images/I/411YJCfIVOL.jpg","https://m.media-amazon.com/images/I/411YJCfIVOL.jpg"
"1784222753-60","https://uk.pcpartpicker.com/products/wired-network-card/","","Belkin F2CU040btBLK","InterfaceUSB Type-C 3.2 Gen 1","(0)","£29.99Add","Color","(0)","Add","Interface","Color","https://cdna.pcpartpicker.com/static/forever/images/product/b677afc9d9e8a44c5b0c3b65ea65958b.256p.jpg","https://cdna.pcpartpicker.com/static/forever/images/product/b677afc9d9e8a44c5b0c3b65ea65958b.256p.jpg"
"1784222753-61","https://uk.pcpartpicker.com/products/wired-network-card/","","StarTech ST1000BT32","InterfacePCI","(1)","Add","Color","(1)","Add","Interface","Color","https://m.media-amazon.com/images/I/41n4DxNJONL.jpg","https://m.media-amazon.com/images/I/41n4DxNJONL.jpg"
"1784222753-62","https://uk.pcpartpicker.com/products/wired-network-card/","","Syba SY-PEX24030","InterfacePCIe x1","(0)","Add","Color","(0)","Add","Interface","Color","https://m.media-amazon.com/images/I/41uuFawEtWL.jpg","https://m.media-amazon.com/images/I/41uuFawEtWL.jpg"
"1784222753-63","https://uk.pcpartpicker.com/products/wired-network-card/","","StarTech ST10000SPEX","InterfacePCIe x4","(0)","Add","Color","(0)","Add","Interface","Color","https://m.media-amazon.com/images/I/41LXDvmycXL.jpg","https://m.media-amazon.com/images/I/41LXDvmycXL.jpg"
"1784222753-64","https://uk.pcpartpicker.com/products/wired-network-card/","","Intel E1G44ET2","InterfacePCIe x4","(0)","Add","Color","(0)","Add","Interface","Color","https://m.media-amazon.com/images/I/41FaNGaccqL.jpg","https://m.media-amazon.com/images/I/41FaNGaccqL.jpg"
"1784222753-65","https://uk.pcpartpicker.com/products/wired-network-card/","","Intel E1G42ET","InterfacePCIe x4","(0)","£129.80Add","Color","(0)","Add","Interface","Color","https://m.media-amazon.com/images/I/41HAn1n8GGL.jpg","https://m.media-amazon.com/images/I/41HAn1n8GGL.jpg"
"1784222753-66","https://uk.pcpartpicker.com/products/wired-network-card/","","D-Link DUB-E100","InterfaceUSB Type-A 2.0","(0)","£15.49Add","Color","(0)","Add","Interface","Color","https://m.media-amazon.com/images/I/41fZ6CPrH2L.jpg","https://m.media-amazon.com/images/I/41fZ6CPrH2L.jpg"
"1784222753-67","https://uk.pcpartpicker.com/products/wired-network-card/","","VisionTek Bigfoot Killer 2100","InterfacePCIe x1","(1)","Add","Color","(1)","Add","Interface","Color","https://m.media-amazon.com/images/I/41W2KgKu9+L.jpg","https://m.media-amazon.com/images/I/41W2KgKu9+L.jpg"
"1784222753-68","https://uk.pcpartpicker.com/products/wired-network-card/","","Edimax EU-4208","InterfaceUSB Type-A 2.0","(0)","Add","Color","(0)","Add","Interface","Color","https://cdna.pcpartpicker.com/static/forever/images/product/95c4a15c96d4db8fa7db487df3a9f282.256p.jpg","https://cdna.pcpartpicker.com/static/forever/images/product/95c4a15c96d4db8fa7db487df3a9f282.256p.jpg"
"1784222753-69","https://uk.pcpartpicker.com/products/wired-network-card/","","Asus PCE-C2500","InterfacePCIe x1","(0)","Add","ColorRed","(0)","Add","Interface","Color","https://m.media-amazon.com/images/I/41Yfk8ycH8L.jpg","https://m.media-amazon.com/images/I/41Yfk8ycH8L.jpg"
"1784222753-70","https://uk.pcpartpicker.com/products/wired-network-card/","","Intel PWLA8391GT","InterfacePCI","(0)","Add","Color","(0)","Add","Interface","Color","https://m.media-amazon.com/images/I/51+UPiNllBL.jpg","https://m.media-amazon.com/images/I/51+UPiNllBL.jpg"
"1784222753-71","https://uk.pcpartpicker.com/products/wired-network-card/","","D-Link DGE-530T","InterfacePCI","(0)","£11.99Add","Color","(0)","Add","Interface","Color","https://images-na.ssl-images-amazon.com/images/I/51NrCKnRCgL.jpg","https://images-na.ssl-images-amazon.com/images/I/51NrCKnRCgL.jpg"
"1784222753-72","https://uk.pcpartpicker.com/products/wired-network-card/","","StarTech US2GC30","InterfaceUSB Type-C 3.2 Gen 1","(0)","£41.24Add","ColorSilver","(0)","Add","Interface","Color","https://cdna.pcpartpicker.com/static/forever/images/product/9417648cd18c979223244d41a43bd44b.256p.jpg","https://cdna.pcpartpicker.com/static/forever/images/product/9417648cd18c979223244d41a43bd44b.256p.jpg"
"1784222753-73","https://uk.pcpartpicker.com/products/wired-network-card/","","Intel PWLA8391GTLBLK","InterfacePCI","(0)","Add","Color","(0)","Add","Interface","Color","https://cdna.pcpartpicker.com/static/forever/images/product/0e791fdd54f2dd244794a9c53202e3bd.256p.jpg","https://cdna.pcpartpicker.com/static/forever/images/product/0e791fdd54f2dd244794a9c53202e3bd.256p.jpg"
"1784222753-74","https://uk.pcpartpicker.com/products/wired-network-card/","","StarTech ST2000PEXPSE","InterfacePCIe x1","(0)","£105.01Add","Color","(0)","Add","Interface","Color","https://m.media-amazon.com/images/I/51iATInoMlL.jpg","https://m.media-amazon.com/images/I/51iATInoMlL.jpg"
"1784222753-75","https://uk.pcpartpicker.com/products/wired-network-card/","","StarTech PEX100S","InterfacePCIe x1","(0)","£29.58Add","Color","(0)","Add","Interface","Color","https://cdna.pcpartpicker.com/static/forever/images/product/70fe329deea5427ac2dc73dcb51f9597.256p.jpg","https://cdna.pcpartpicker.com/static/forever/images/product/70fe329deea5427ac2dc73dcb51f9597.256p.jpg"
"1784222753-76","https://uk.pcpartpicker.com/products/wired-network-card/","","Intel EXPI9402PT","InterfacePCIe x4","(0)","£75.46Add","Color","(0)","Add","Interface","Color","https://cdna.pcpartpicker.com/static/forever/images/product/de219bb9a8c917a5a9bf7db7ec1d1e8a.256p.jpg","https://cdna.pcpartpicker.com/static/forever/images/product/de219bb9a8c917a5a9bf7db7ec1d1e8a.256p.jpg"
"1784222753-77","https://uk.pcpartpicker.com/products/wired-network-card/","","Intel PWLA8492MT","InterfacePCI-X","(0)","£141.90Add","Color","(0)","Add","Interface","Color","https://cdna.pcpartpicker.com/static/forever/images/product/0c757ba709eabd5411d6adc8db85a846.256p.jpg","https://cdna.pcpartpicker.com/static/forever/images/product/0c757ba709eabd5411d6adc8db85a846.256p.jpg"
"1784222753-78","https://uk.pcpartpicker.com/products/wired-network-card/","","Acer NP.OTH11.005","InterfaceUSB Type-A 2.0","(0)","Add","Color","(0)","Add","Interface","Color","https://cdna.pcpartpicker.com/static/forever/images/product/b2b9343c5592703ecdb20ed89e2f9ce1.256p.jpg","https://cdna.pcpartpicker.com/static/forever/images/product/b2b9343c5592703ecdb20ed89e2f9ce1.256p.jpg"
"1784222753-79","https://uk.pcpartpicker.com/products/wired-network-card/","","QLogic QLE3242-CU-CK","InterfacePCIe x8","(0)","Add","Color","(0)","Add","Interface","Color","https://uk.pcpartpicker.com/static/forever/img/no-image.png",""
"1784222753-80","https://uk.pcpartpicker.com/products/wired-network-card/","","Cisco N2XX-ABPCI03-M3=","InterfacePCIe x4","(0)","Add","Color","(0)","Add","Interface","Color","https://cdna.pcpartpicker.com/static/forever/images/product/b7490a105c6ff65e07e7b77a3255e0d2.256p.jpg","https://cdna.pcpartpicker.com/static/forever/images/product/b7490a105c6ff65e07e7b77a3255e0d2.256p.jpg"
"1784222753-81","https://uk.pcpartpicker.com/products/wired-network-card/","","TP-Link TF-3239DL","InterfacePCI","(1)","Add","Color","(1)","Add","Interface","Color","https://m.media-amazon.com/images/I/41b5IrhpTrL.jpg","https://m.media-amazon.com/images/I/41b5IrhpTrL.jpg"
"1784222753-82","https://uk.pcpartpicker.com/products/wired-network-card/","","Plugable USBC-E1000","InterfaceUSB Type-C 3.2 Gen 1","(0)","Add","Color","(0)","Add","Interface","Color","https://m.media-amazon.com/images/I/41tsdq8yCLL.jpg","https://m.media-amazon.com/images/I/41tsdq8yCLL.jpg"
"1784222753-83","https://uk.pcpartpicker.com/products/wired-network-card/","","Rosewill RC-NIC416Dual","InterfacePCIe x4","(0)","Add","ColorBlack / Silver","(0)","Add","Interface","Color","https://cdna.pcpartpicker.com/static/forever/images/product/466855acfff2b4aa4b5b5eec2f848a6f.256p.jpg","https://cdna.pcpartpicker.com/static/forever/images/product/466855acfff2b4aa4b5b5eec2f848a6f.256p.jpg"
"1784222753-84","https://uk.pcpartpicker.com/products/wired-network-card/","","Supermicro SGP-i4","InterfacePCIe x4","(0)","Add","ColorGreen / Silver","(0)","Add","Interface","Color","https://cdna.pcpartpicker.com/static/forever/images/product/52086636bd63b7530aa8ecb1b631b622.256p.jpg","https://cdna.pcpartpicker.com/static/forever/images/product/52086636bd63b7530aa8ecb1b631b622.256p.jpg"
"1784222753-85","https://uk.pcpartpicker.com/products/wired-network-card/","","QNAP QXG-2G1T-I225","InterfacePCIe x1","(0)","Add","ColorGreen / Silver","(0)","Add","Interface","Color","https://cdna.pcpartpicker.com/static/forever/images/product/c504f45a77f82e9a6360f63901476c6a.256p.jpg","https://cdna.pcpartpicker.com/static/forever/images/product/c504f45a77f82e9a6360f63901476c6a.256p.jpg"
"1784222753-86","https://uk.pcpartpicker.com/products/wired-network-card/","","StarTech USB21000S2","InterfaceUSB Type-A 2.0","(0)","Add","Color","(0)","Add","Interface","Color","https://m.media-amazon.com/images/I/41yD00lMf3L.jpg","https://m.media-amazon.com/images/I/41yD00lMf3L.jpg"
"1784222753-87","https://uk.pcpartpicker.com/products/wired-network-card/","","Supermicro AOC-SG-i2","InterfacePCIe x4","(0)","£89.88Add","Color","(0)","Add","Interface","Color","https://images-fe.ssl-images-amazon.com/images/I/51Whh3NO%2BsL.jpg","https://images-fe.ssl-images-amazon.com/images/I/51Whh3NO%2BsL.jpg"
"1784222753-88","https://uk.pcpartpicker.com/products/wired-network-card/","","Intel EXPI9404PTL","InterfacePCIe x4","(1)","£101.36Add","Color","(1)","Add","Interface","Color","https://cdna.pcpartpicker.com/static/forever/images/product/fd58d89166cf5604d2dab6c4e88a69f4.256p.jpg","https://cdna.pcpartpicker.com/static/forever/images/product/fd58d89166cf5604d2dab6c4e88a69f4.256p.jpg"
"1784222753-89","https://uk.pcpartpicker.com/products/wired-network-card/","","Intel EXPI9404PTLBLK","InterfacePCIe x4","(0)","£105.46Add","Color","(0)","Add","Interface","Color","https://cdna.pcpartpicker.com/static/forever/images/product/98e203afb7fd8f25f1557bff9abd6c67.256p.jpg","https://cdna.pcpartpicker.com/static/forever/images/product/98e203afb7fd8f25f1557bff9abd6c67.256p.jpg"
"1784222753-90","https://uk.pcpartpicker.com/products/wired-network-card/","","Intel PWLA8391GTBLK-1PK","InterfacePCI","(0)","Add","Color","(0)","Add","Interface","Color","https://m.media-amazon.com/images/I/31pv62p+SvL.jpg","https://m.media-amazon.com/images/I/31pv62p+SvL.jpg"
"1784222753-91","https://uk.pcpartpicker.com/products/wired-network-card/","","StarTech USB31000S","InterfaceUSB Type-A 3.2 Gen 1","(0)","£24.98Add","Color","(0)","Add","Interface","Color","https://cdna.pcpartpicker.com/static/forever/images/product/7d58a922eaf4e36b1464a97fef06a391.256p.jpg","https://cdna.pcpartpicker.com/static/forever/images/product/7d58a922eaf4e36b1464a97fef06a391.256p.jpg"
"1784222753-92","https://uk.pcpartpicker.com/products/wired-network-card/","","SIIG CN-GP1021-S3","InterfacePCIe x1","(0)","Add","Color","(0)","Add","Interface","Color","https://cdna.pcpartpicker.com/static/forever/images/product/790f8f490bb6cbe48ffdf1b2eea689a1.256p.jpg","https://cdna.pcpartpicker.com/static/forever/images/product/790f8f490bb6cbe48ffdf1b2eea689a1.256p.jpg"
"1784222753-93","https://uk.pcpartpicker.com/products/wired-network-card/","","StarTech ST1000SPEXD3","InterfacePCIe x1","(0)","Add","Color","(0)","Add","Interface","Color","https://m.media-amazon.com/images/I/412LDuoK3FL.jpg","https://m.media-amazon.com/images/I/412LDuoK3FL.jpg"
"1784222753-94","https://uk.pcpartpicker.com/products/wired-network-card/","","Syba SD-ADA24032","InterfaceUSB Type-A 3.2 Gen 1","(0)","Add","Color","(0)","Add","Interface","Color","https://images-fe.ssl-images-amazon.com/images/I/31RcVcRH9cL.jpg","https://images-fe.ssl-images-amazon.com/images/I/31RcVcRH9cL.jpg"
"1784222753-95","https://uk.pcpartpicker.com/products/wired-network-card/","","Edimax EN-9130TXL","InterfacePCI","(0)","Add","Color","(0)","Add","Interface","Color","https://m.media-amazon.com/images/I/31eEzvDGlvL.jpg","https://m.media-amazon.com/images/I/31eEzvDGlvL.jpg"
"1784222753-96","https://uk.pcpartpicker.com/products/wired-network-card/","","Tripp Lite U436-000-GB","InterfaceUSB Type-C 3.2 Gen 1","(0)","Add","ColorBlack","(0)","Add","Interface","Color","https://cdna.pcpartpicker.com/static/forever/images/product/e86181c9e11a9a296dff3add027597c5.256p.jpg","https://cdna.pcpartpicker.com/static/forever/images/product/e86181c9e11a9a296dff3add027597c5.256p.jpg"
"1784222753-97","https://uk.pcpartpicker.com/products/wired-network-card/","","Lenovo 7ZT7A00482","InterfacePCIe x1","(0)","£118.00Add","ColorGreen / Black","(0)","Add","Interface","Color","https://m.media-amazon.com/images/I/416ypjcA+kL.jpg","https://m.media-amazon.com/images/I/416ypjcA+kL.jpg"
"1784222753-98","https://uk.pcpartpicker.com/products/wired-network-card/","","EDUP EP-9602GS","InterfacePCIe x1","(0)","Add","ColorBlack","(0)","Add","Interface","Color","https://cdna.pcpartpicker.com/static/forever/images/product/d4b0b72ecaa23b63de7bde177c852338.256p.jpg","https://cdna.pcpartpicker.com/static/forever/images/product/d4b0b72ecaa23b63de7bde177c852338.256p.jpg"
"1784222753-99","https://uk.pcpartpicker.com/products/wired-network-card/","","TP-Link UE305","InterfaceUSB Type-A 3.2 Gen 1","(0)","Add","ColorBlack","(0)","Add","Interface","Color","https://m.media-amazon.com/images/I/31nmTwdJwPL.jpg","https://m.media-amazon.com/images/I/31nmTwdJwPL.jpg"
"1784222753-100","https://uk.pcpartpicker.com/products/wired-network-card/","","StarTech USB31000S2","InterfaceUSB Type-A 3.2 Gen 1","(0)","£29.07Add","ColorBlack / Silver","(0)","Add","Interface","Color","https://cdna.pcpartpicker.com/static/forever/images/product/d6a11b65e0f616453287f78a6f434eb2.256p.jpg","https://cdna.pcpartpicker.com/static/forever/images/product/d6a11b65e0f616453287f78a6f434eb2.256p.jpg"
"1784222757-101","https://uk.pcpartpicker.com/products/wired-network-card/","https://uk.pcpartpicker.com/products/wired-network-card/#page=2","SIIG LB-GE0014-S1","InterfacePCIe x4","(0)","Add","ColorGreen / Black","(0)","Add","Interface","Color","https://cdna.pcpartpicker.com/static/forever/images/product/0625add5146ac7183b1c42c6659eed83.256p.jpg","https://cdna.pcpartpicker.com/static/forever/images/product/0625add5146ac7183b1c42c6659eed83.256p.jpg"
"1784222757-102","https://uk.pcpartpicker.com/products/wired-network-card/","https://uk.pcpartpicker.com/products/wired-network-card/#page=2","Intel PWLA8391GTBLK","InterfacePCI","(0)","£25.47Add","Color","(0)","Add","Interface","Color","https://cdna.pcpartpicker.com/static/forever/images/product/3fe15aeef30104e19968b6fc3871ef03.256p.jpg","https://cdna.pcpartpicker.com/static/forever/images/product/3fe15aeef30104e19968b6fc3871ef03.256p.jpg"
"1784222757-103","https://uk.pcpartpicker.com/products/wired-network-card/","https://uk.pcpartpicker.com/products/wired-network-card/#page=2","Lenovo 4X90E51405","InterfaceUSB Type-A 3.2 Gen 1","(0)","£29.99Add","Color","(0)","Add","Interface","Color","https://images-na.ssl-images-amazon.com/images/I/41yd5y8ECeL.jpg","https://images-na.ssl-images-amazon.com/images/I/41yd5y8ECeL.jpg"
"1784222757-104","https://uk.pcpartpicker.com/products/wired-network-card/","https://uk.pcpartpicker.com/products/wired-network-card/#page=2","Rosewill RC-400","InterfacePCI","(0)","Add","Color","(0)","Add","Interface","Color","https://m.media-amazon.com/images/I/41u66nkTnYL.jpg","https://m.media-amazon.com/images/I/41u66nkTnYL.jpg"
"1784222757-105","https://uk.pcpartpicker.com/products/wired-network-card/","https://uk.pcpartpicker.com/products/wired-network-card/#page=2","Rosewill RC-404","InterfacePCI","(0)","Add","Color","(0)","Add","Interface","Color","https://m.media-amazon.com/images/I/31szvlC-tBL.jpg","https://m.media-amazon.com/images/I/31szvlC-tBL.jpg"
"1784222757-106","https://uk.pcpartpicker.com/products/wired-network-card/","https://uk.pcpartpicker.com/products/wired-network-card/#page=2","Rosewill RNF-405U","InterfaceUSB Type-A 2.0","(0)","Add","Color","(0)","Add","Interface","Color","https://m.media-amazon.com/images/I/31E14oepWEL.jpg","https://m.media-amazon.com/images/I/31E14oepWEL.jpg"
"1784222757-107","https://uk.pcpartpicker.com/products/wired-network-card/","https://uk.pcpartpicker.com/products/wired-network-card/#page=2","Rosewill RNG-406U","InterfaceUSB Type-A 3.2 Gen 1","(0)","Add","Color","(0)","Add","Interface","Color","https://m.media-amazon.com/images/I/314iYn6Z9BL.jpg","https://m.media-amazon.com/images/I/314iYn6Z9BL.jpg"
"1784222757-108","https://uk.pcpartpicker.com/products/wired-network-card/","https://uk.pcpartpicker.com/products/wired-network-card/#page=2","StarTech ST100S","InterfacePCI","(0)","Add","Color","(0)","Add","Interface","Color","https://m.media-amazon.com/images/I/41HgSSHaVvL.jpg","https://m.media-amazon.com/images/I/41HgSSHaVvL.jpg"
"1784222757-109","https://uk.pcpartpicker.com/products/wired-network-card/","https://uk.pcpartpicker.com/products/wired-network-card/#page=2","Syba SY-ADA24024","InterfaceUSB Type-A 2.0","(0)","Add","Color","(0)","Add","Interface","Color","https://m.media-amazon.com/images/I/31xR2ZQ9VLL.jpg","https://m.media-amazon.com/images/I/31xR2ZQ9VLL.jpg"
"1784222757-110","https://uk.pcpartpicker.com/products/wired-network-card/","https://uk.pcpartpicker.com/products/wired-network-card/#page=2","Syba SY-PEX24028","InterfacePCIe x1","(0)","Add","Color","(0)","Add","Interface","Color","https://m.media-amazon.com/images/I/51+17ow2B+L.jpg","https://m.media-amazon.com/images/I/51+17ow2B+L.jpg"
"1784222757-111","https://uk.pcpartpicker.com/products/wired-network-card/","https://uk.pcpartpicker.com/products/wired-network-card/#page=2","Syba SY-ADA24029","InterfaceUSB Type-A 2.0","(0)","Add","Color","(0)","Add","Interface","Color","https://m.media-amazon.com/images/I/41w47J2qp0L.jpg","https://m.media-amazon.com/images/I/41w47J2qp0L.jpg"
"1784222757-112","https://uk.pcpartpicker.com/products/wired-network-card/","https://uk.pcpartpicker.com/products/wired-network-card/#page=2","TRENDnet TE100-PCIWN","InterfacePCI","(0)","Add","Color","(0)","Add","Interface","Color","https://images-na.ssl-images-amazon.com/images/I/41eZgPskRJL.jpg","https://images-na.ssl-images-amazon.com/images/I/41eZgPskRJL.jpg"
"1784222757-113","https://uk.pcpartpicker.com/products/wired-network-card/","https://uk.pcpartpicker.com/products/wired-network-card/#page=2","Intel EXPI9402PTBLK-1PK","InterfacePCIe x4","(0)","Add","Color","(0)","Add","Interface","Color","https://m.media-amazon.com/images/I/4136my6iDxL.jpg","https://m.media-amazon.com/images/I/4136my6iDxL.jpg"
"1784222757-114","https://uk.pcpartpicker.com/products/wired-network-card/","https://uk.pcpartpicker.com/products/wired-network-card/#page=2","Intel PWLA8490MTBLK","InterfacePCI-X","(0)","£378.00Add","Color","(0)","Add","Interface","Color","https://m.media-amazon.com/images/I/31UzNNSib3L.jpg","https://m.media-amazon.com/images/I/31UzNNSib3L.jpg"
"1784222757-115","https://uk.pcpartpicker.com/products/wired-network-card/","https://uk.pcpartpicker.com/products/wired-network-card/#page=2","Intel PWLA8492MTBLK5","InterfacePCI-X","(0)","Add","Color","(0)","Add","Interface","Color","https://m.media-amazon.com/images/I/41Ib+eppsJL.jpg","https://m.media-amazon.com/images/I/41Ib+eppsJL.jpg"
"1784222757-116","https://uk.pcpartpicker.com/products/wired-network-card/","https://uk.pcpartpicker.com/products/wired-network-card/#page=2","Rosewill RC-400-LX","InterfacePCI","(0)","Add","Color","(0)","Add","Interface","Color","https://m.media-amazon.com/images/I/41w-J4FIjdL.jpg","https://m.media-amazon.com/images/I/41w-J4FIjdL.jpg"
"1784222757-117","https://uk.pcpartpicker.com/products/wired-network-card/","https://uk.pcpartpicker.com/products/wired-network-card/#page=2","SIIG CN-GP1011-S3","InterfacePCI","(0)","Add","Color","(0)","Add","Interface","Color","https://cdna.pcpartpicker.com/static/forever/images/product/aedb2c5ea9c00608782220d0edef8404.256p.jpg","https://cdna.pcpartpicker.com/static/forever/images/product/aedb2c5ea9c00608782220d0edef8404.256p.jpg"
"1784222757-118","https://uk.pcpartpicker.com/products/wired-network-card/","https://uk.pcpartpicker.com/products/wired-network-card/#page=2","StarTech ST1000SPEXD2","InterfacePCIe x1","(0)","Add","Color","(0)","Add","Interface","Color","https://uk.pcpartpicker.com/static/forever/img/no-image.png",""
"1784222757-119","https://uk.pcpartpicker.com/products/wired-network-card/","https://uk.pcpartpicker.com/products/wired-network-card/#page=2","Syba SY-ADA24005","InterfaceUSB Type-A 2.0","(0)","Add","Color","(0)","Add","Interface","Color","https://m.media-amazon.com/images/I/41GEgou76YL.jpg","https://m.media-amazon.com/images/I/41GEgou76YL.jpg"
"1784222757-120","https://uk.pcpartpicker.com/products/wired-network-card/","https://uk.pcpartpicker.com/products/wired-network-card/#page=2","Syba SY-ADA24027","InterfaceUSB Type-A 2.0","(0)","Add","Color","(0)","Add","Interface","Color","https://m.media-amazon.com/images/I/41uo-rf7QdL.jpg","https://m.media-amazon.com/images/I/41uo-rf7QdL.jpg"
"1784222757-121","https://uk.pcpartpicker.com/products/wired-network-card/","https://uk.pcpartpicker.com/products/wired-network-card/#page=2","TRENDnet TEG-PCITXR","InterfacePCI","(0)","Add","Color","(0)","Add","Interface","Color","https://cdna.pcpartpicker.com/static/forever/images/product/4293c4df7f3ab3fa8ef31cf040292723.256p.jpg","https://cdna.pcpartpicker.com/static/forever/images/product/4293c4df7f3ab3fa8ef31cf040292723.256p.jpg"
"1784222757-122","https://uk.pcpartpicker.com/products/wired-network-card/","https://uk.pcpartpicker.com/products/wired-network-card/#page=2","StarTech ST1000SPEX","InterfacePCIe x1","(0)","Add","Color","(0)","Add","Interface","Color","https://m.media-amazon.com/images/I/41XccT5VDQL.jpg","https://m.media-amazon.com/images/I/41XccT5VDQL.jpg"
"1784222757-123","https://uk.pcpartpicker.com/products/wired-network-card/","https://uk.pcpartpicker.com/products/wired-network-card/#page=2","SIIG CN-GP2011-S1","InterfacePCIe x1","(0)","Add","Color","(0)","Add","Interface","Color","https://m.media-amazon.com/images/I/51RFd5jZ0lL.jpg","https://m.media-amazon.com/images/I/51RFd5jZ0lL.jpg"
"1784222757-124","https://uk.pcpartpicker.com/products/wired-network-card/","https://uk.pcpartpicker.com/products/wired-network-card/#page=2","Asus NX1101","InterfacePCI","(1)","Add","Color","(1)","Add","Interface","Color","https://images-na.ssl-images-amazon.com/images/I/41I-dipTC1L.jpg","https://images-na.ssl-images-amazon.com/images/I/41I-dipTC1L.jpg"
"1784222757-125","https://uk.pcpartpicker.com/products/wired-network-card/","https://uk.pcpartpicker.com/products/wired-network-card/#page=2","Belkin F4U047-RS","InterfaceUSB Type-A 2.0","(0)","Add","Color","(0)","Add","Interface","Color","https://m.media-amazon.com/images/I/31XEPzRR74L.jpg","https://m.media-amazon.com/images/I/31XEPzRR74L.jpg"
"1784222757-126","https://uk.pcpartpicker.com/products/wired-network-card/","https://uk.pcpartpicker.com/products/wired-network-card/#page=2","Rosewill RC-401-EX","InterfacePCIe x1","(0)","Add","Color","(0)","Add","Interface","Color","https://m.media-amazon.com/images/I/31y0ucq18wL.jpg","https://m.media-amazon.com/images/I/31y0ucq18wL.jpg"
"1784222757-127","https://uk.pcpartpicker.com/products/wired-network-card/","https://uk.pcpartpicker.com/products/wired-network-card/#page=2","Rosewill RC-402","InterfacePCI","(0)","Add","Color","(0)","Add","Interface","Color","https://images-fe.ssl-images-amazon.com/images/I/41iTss2QVlL.jpg","https://images-fe.ssl-images-amazon.com/images/I/41iTss2QVlL.jpg"
"1784222757-128","https://uk.pcpartpicker.com/products/wired-network-card/","https://uk.pcpartpicker.com/products/wired-network-card/#page=2","Syba SD-PEX24009","InterfacePCIe x1","(0)","Add","Color","(0)","Add","Interface","Color","https://m.media-amazon.com/images/I/3104KbNm5IL.jpg","https://m.media-amazon.com/images/I/3104KbNm5IL.jpg"
"1784222757-129","https://uk.pcpartpicker.com/products/wired-network-card/","https://uk.pcpartpicker.com/products/wired-network-card/#page=2","D-Link DFE530TX+","InterfacePCI","(1)","Add","Color","(1)","Add","Interface","Color","https://uk.pcpartpicker.com/static/forever/img/no-image.png",""
"1784222757-130","https://uk.pcpartpicker.com/products/wired-network-card/","https://uk.pcpartpicker.com/products/wired-network-card/#page=2","Edimax EU-4306","InterfaceUSB Type-A 3.2 Gen 1","(0)","Add","Color","(0)","Add","Interface","Color","https://cdna.pcpartpicker.com/static/forever/images/product/6085986216be155f42cbbbc16ec2cbbb.256p.jpg","https://cdna.pcpartpicker.com/static/forever/images/product/6085986216be155f42cbbbc16ec2cbbb.256p.jpg"
"1784222757-131","https://uk.pcpartpicker.com/products/wired-network-card/","https://uk.pcpartpicker.com/products/wired-network-card/#page=2","Netgear GA311","InterfacePCI","(0)","£49.50Add","Color","(0)","Add","Interface","Color","https://cdna.pcpartpicker.com/static/forever/images/product/8b87e46e9ca30b8b59f6f9d8a6bcf135.256p.jpg","https://cdna.pcpartpicker.com/static/forever/images/product/8b87e46e9ca30b8b59f6f9d8a6bcf135.256p.jpg"
"1784222757-132","https://uk.pcpartpicker.com/products/wired-network-card/","https://uk.pcpartpicker.com/products/wired-network-card/#page=2","Rosewill RC-411","InterfacePCIe x1","(0)","Add","Color","(0)","Add","Interface","Color","https://m.media-amazon.com/images/I/31WIV9-9vmL.jpg","https://m.media-amazon.com/images/I/31WIV9-9vmL.jpg"
"1784222757-133","https://uk.pcpartpicker.com/products/wired-network-card/","https://uk.pcpartpicker.com/products/wired-network-card/#page=2","Rosewill RNG-407-Dual","InterfacePCIe x1","(0)","Add","Color","(0)","Add","Interface","Color","https://cdna.pcpartpicker.com/static/forever/images/product/345609b94fc03142bb013d089a5ea5b9.256p.jpg","https://cdna.pcpartpicker.com/static/forever/images/product/345609b94fc03142bb013d089a5ea5b9.256p.jpg"
"1784222757-134","https://uk.pcpartpicker.com/products/wired-network-card/","https://uk.pcpartpicker.com/products/wired-network-card/#page=2","SIIG CN-GP4011-S1","InterfacePCIe x4","(0)","Add","Color","(0)","Add","Interface","Color","https://images-na.ssl-images-amazon.com/images/I/41TqdRcixGL.jpg","https://images-na.ssl-images-amazon.com/images/I/41TqdRcixGL.jpg"
"1784222757-135","https://uk.pcpartpicker.com/products/wired-network-card/","https://uk.pcpartpicker.com/products/wired-network-card/#page=2","StarTech USB31000SW","InterfaceUSB Type-A 3.2 Gen 1","(0)","£23.03Add","Color","(0)","Add","Interface","Color","https://cdna.pcpartpicker.com/static/forever/images/product/6a899e99936f175f8e7cbe6d7c6046bb.256p.jpg","https://cdna.pcpartpicker.com/static/forever/images/product/6a899e99936f175f8e7cbe6d7c6046bb.256p.jpg"
"1784222757-136","https://uk.pcpartpicker.com/products/wired-network-card/","https://uk.pcpartpicker.com/products/wired-network-card/#page=2","TP-Link TG-3269","InterfacePCI","(1)","Add","Color","(1)","Add","Interface","Color","https://m.media-amazon.com/images/I/51zObPIe3EL.jpg","https://m.media-amazon.com/images/I/51zObPIe3EL.jpg"
"1784222757-137","https://uk.pcpartpicker.com/products/wired-network-card/","https://uk.pcpartpicker.com/products/wired-network-card/#page=2","SIIG JU-NE0511-S1","InterfaceUSB Type-A 3.2 Gen 1","(0)","Add","Color","(0)","Add","Interface","Color","https://m.media-amazon.com/images/I/311Io32dGUL.jpg","https://m.media-amazon.com/images/I/311Io32dGUL.jpg"
"1784222757-138","https://uk.pcpartpicker.com/products/wired-network-card/","https://uk.pcpartpicker.com/products/wired-network-card/#page=2","StarTech USB31000SPTB","InterfaceUSB Type-A 3.2 Gen 1","(0)","£33.29Add","Color","(0)","Add","Interface","Color","https://cdna.pcpartpicker.com/static/forever/images/product/acf69231d3f7e45e3801b401db458709.256p.jpg","https://cdna.pcpartpicker.com/static/forever/images/product/acf69231d3f7e45e3801b401db458709.256p.jpg"
"1784222757-139","https://uk.pcpartpicker.com/products/wired-network-card/","https://uk.pcpartpicker.com/products/wired-network-card/#page=2","StarTech USB31000SPTW","InterfaceUSB Type-A 3.2 Gen 1","(0)","£29.84Add","Color","(0)","Add","Interface","Color","https://cdna.pcpartpicker.com/static/forever/images/product/41a68f140c06f2bf6dcb7f91292fea90.256p.jpg","https://cdna.pcpartpicker.com/static/forever/images/product/41a68f140c06f2bf6dcb7f91292fea90.256p.jpg"
"1784222757-140","https://uk.pcpartpicker.com/products/wired-network-card/","https://uk.pcpartpicker.com/products/wired-network-card/#page=2","Syba SI-ADA24037","InterfaceUSB Type-A 3.2 Gen 1","(0)","Add","Color","(0)","Add","Interface","Color","https://images-na.ssl-images-amazon.com/images/I/313h0wTjKHL.jpg","https://images-na.ssl-images-amazon.com/images/I/313h0wTjKHL.jpg"
"1784222757-141","https://uk.pcpartpicker.com/products/wired-network-card/","https://uk.pcpartpicker.com/products/wired-network-card/#page=2","SIIG CN-GP1111-S1","InterfacePCIe x4","(0)","Add","Color","(0)","Add","Interface","Color","https://m.media-amazon.com/images/I/41OmBzyQ2rL.jpg","https://m.media-amazon.com/images/I/41OmBzyQ2rL.jpg"
"1784222757-142","https://uk.pcpartpicker.com/products/wired-network-card/","https://uk.pcpartpicker.com/products/wired-network-card/#page=2","Plugable USB3-E1000","InterfaceUSB Type-A 3.2 Gen 1","(0)","Add","Color","(0)","Add","Interface","Color","https://m.media-amazon.com/images/I/31MPQ+evUyL.jpg","https://m.media-amazon.com/images/I/31MPQ+evUyL.jpg"
"1784222757-143","https://uk.pcpartpicker.com/products/wired-network-card/","https://uk.pcpartpicker.com/products/wired-network-card/#page=2","SIIG CN-GP4111-S1","InterfacePCIe x4","(0)","Add","Color","(0)","Add","Interface","Color","https://images-na.ssl-images-amazon.com/images/I/412Oz1PY%2B0L.jpg","https://images-na.ssl-images-amazon.com/images/I/412Oz1PY%2B0L.jpg"
"1784222757-144","https://uk.pcpartpicker.com/products/wired-network-card/","https://uk.pcpartpicker.com/products/wired-network-card/#page=2","Syba SY-ADA24040","InterfaceUSB Type-A 3.2 Gen 1","(0)","£15.82Add","Color","(0)","Add","Interface","Color","https://m.media-amazon.com/images/I/31srvpz1a0L.jpg","https://m.media-amazon.com/images/I/31srvpz1a0L.jpg"
"1784222757-145","https://uk.pcpartpicker.com/products/wired-network-card/","https://uk.pcpartpicker.com/products/wired-network-card/#page=2","D-Link DUB-1312","InterfaceUSB Type-A 3.2 Gen 1","(0)","£20.00Add","ColorBlack","(0)","Add","Interface","Color","https://cdna.pcpartpicker.com/static/forever/images/product/0814228525bef07cf709bd215eaadc08.256p.jpg","https://cdna.pcpartpicker.com/static/forever/images/product/0814228525bef07cf709bd215eaadc08.256p.jpg"
"1784222757-146","https://uk.pcpartpicker.com/products/wired-network-card/","https://uk.pcpartpicker.com/products/wired-network-card/#page=2","SIIG JU-NE0711-S1","InterfaceUSB Type-A 3.2 Gen 1","(0)","Add","ColorBlack","(0)","Add","Interface","Color","https://cdna.pcpartpicker.com/static/forever/images/product/5155e6f98a78477852f74abe554d8eb4.256p.jpg","https://cdna.pcpartpicker.com/static/forever/images/product/5155e6f98a78477852f74abe554d8eb4.256p.jpg"
"1784222757-147","https://uk.pcpartpicker.com/products/wired-network-card/","https://uk.pcpartpicker.com/products/wired-network-card/#page=2","Linksys USB3GIG","InterfaceUSB Type-A 3.2 Gen 1","(0)","Add","ColorBlack","(0)","Add","Interface","Color","https://cdna.pcpartpicker.com/static/forever/images/product/f178a50ae6bb9fc45c1adbf4402a57b8.256p.jpg","https://cdna.pcpartpicker.com/static/forever/images/product/f178a50ae6bb9fc45c1adbf4402a57b8.256p.jpg"
"1784222757-148","https://uk.pcpartpicker.com/products/wired-network-card/","https://uk.pcpartpicker.com/products/wired-network-card/#page=2","Syba SY-PEX24056","InterfacePCIe x4","(0)","Add","ColorGreen / Black","(0)","Add","Interface","Color","https://cdna.pcpartpicker.com/static/forever/images/product/a661f1bd52a0febb11ee9cd8f7962738.256p.jpg","https://cdna.pcpartpicker.com/static/forever/images/product/a661f1bd52a0febb11ee9cd8f7962738.256p.jpg"
"1784222757-149","https://uk.pcpartpicker.com/products/wired-network-card/","https://uk.pcpartpicker.com/products/wired-network-card/#page=2","Belkin B2B145-BLK","InterfaceUSB Type-C 3.2 Gen 1","(0)","Add","ColorBlack","(0)","Add","Interface","Color","https://cdna.pcpartpicker.com/static/forever/images/product/1756ef18ceff984b78e6d9a6dfcef03a.256p.jpg","https://cdna.pcpartpicker.com/static/forever/images/product/1756ef18ceff984b78e6d9a6dfcef03a.256p.jpg"
"1784222757-150","https://uk.pcpartpicker.com/products/wired-network-card/","https://uk.pcpartpicker.com/products/wired-network-card/#page=2","Rosewill RNG-408U","InterfaceUSB Type-C 3.2 Gen 1","(0)","Add","ColorBlack","(0)","Add","Interface","Color","https://cdna.pcpartpicker.com/static/forever/images/product/b8255902320df532e14a1c687154d7ea.256p.jpg","https://cdna.pcpartpicker.com/static/forever/images/product/b8255902320df532e14a1c687154d7ea.256p.jpg"
"1784222757-151","https://uk.pcpartpicker.com/products/wired-network-card/","https://uk.pcpartpicker.com/products/wired-network-card/#page=2","V7 V7UCRJ45-BLK-1N","InterfaceUSB Type-C 3.2 Gen 1","(0)","Add","ColorBlack","(0)","Add","Interface","Color","https://cdna.pcpartpicker.com/static/forever/images/product/77ce3ba7eaf5cb5117b683cdaf43ac5a.256p.jpg","https://cdna.pcpartpicker.com/static/forever/images/product/77ce3ba7eaf5cb5117b683cdaf43ac5a.256p.jpg"
"1784222757-152","https://uk.pcpartpicker.com/products/wired-network-card/","https://uk.pcpartpicker.com/products/wired-network-card/#page=2","SIIG JU-NE0621-S2","InterfaceUSB Type-A 3.2 Gen 1","(0)","Add","ColorWhite","(0)","Add","Interface","Color","https://cdna.pcpartpicker.com/static/forever/images/product/97c25cca9ee3ba3de6ff33348f8d26fc.256p.jpg","https://cdna.pcpartpicker.com/static/forever/images/product/97c25cca9ee3ba3de6ff33348f8d26fc.256p.jpg"
"1784222757-153","https://uk.pcpartpicker.com/products/wired-network-card/","https://uk.pcpartpicker.com/products/wired-network-card/#page=2","Edimax EN-9320TX-E","InterfacePCIe x4","(0)","Add","ColorSilver / Green","(0)","Add","Interface","Color","https://cdna.pcpartpicker.com/static/forever/images/product/2485d05152a873ec5977df90af3e0b9f.256p.jpg","https://cdna.pcpartpicker.com/static/forever/images/product/2485d05152a873ec5977df90af3e0b9f.256p.jpg"
"1784222757-154","https://uk.pcpartpicker.com/products/wired-network-card/","https://uk.pcpartpicker.com/products/wired-network-card/#page=2","HP E0X95AA","InterfacePCIe x1","(0)","Add","ColorGreen","(0)","Add","Interface","Color","https://cdna.pcpartpicker.com/static/forever/images/product/ed0eb0af32b41be09ab5e67b18c12d03.256p.jpg","https://cdna.pcpartpicker.com/static/forever/images/product/ed0eb0af32b41be09ab5e67b18c12d03.256p.jpg"
"1784222757-155","https://uk.pcpartpicker.com/products/wired-network-card/","https://uk.pcpartpicker.com/products/wired-network-card/#page=2","Syba SD-PEX24065","InterfacePCIe x1","(0)","Add","ColorGreen","(0)","Add","Interface","Color","https://cdna.pcpartpicker.com/static/forever/images/product/2127c59fa0f8012e803b082c9b8f3d62.256p.jpg","https://cdna.pcpartpicker.com/static/forever/images/product/2127c59fa0f8012e803b082c9b8f3d62.256p.jpg"
"1784222757-156","https://uk.pcpartpicker.com/products/wired-network-card/","https://uk.pcpartpicker.com/products/wired-network-card/#page=2","D-Link DGE-560T","InterfacePCIe x1","(0)","Add","Color","(0)","Add","Interface","Color","https://m.media-amazon.com/images/I/31DrQftNJ2L.jpg","https://m.media-amazon.com/images/I/31DrQftNJ2L.jpg"
"1784222757-157","https://uk.pcpartpicker.com/products/wired-network-card/","https://uk.pcpartpicker.com/products/wired-network-card/#page=2","SIIG LB-GE0611-S1","InterfacePCIe x1","(0)","Add","ColorGreen / Black","(0)","Add","Interface","Color","https://m.media-amazon.com/images/I/41-e+e0UU2L.jpg","https://m.media-amazon.com/images/I/41-e+e0UU2L.jpg"
"1784222757-158","https://uk.pcpartpicker.com/products/wired-network-card/","https://uk.pcpartpicker.com/products/wired-network-card/#page=2","Rosewill RC-20001","InterfacePCIe x1","(0)","Add","ColorBlack","(0)","Add","Interface","Color","https://m.media-amazon.com/images/I/31SzsUuCmKL.jpg","https://m.media-amazon.com/images/I/31SzsUuCmKL.jpg"
